"repoName","repoID","numberOfCommits","numberOfFiles"
"bilibili-android-client","60145667","443","234"
"SortRichEditor","60176069","98","16"
"SprintNBA","60463203","213","441"
"JAADAS","60319699","30","4325"
"fangyuanshili","60449956","15","212"
"Sport_Android","60459021","50","52"
"react-native-media-kit","60341518","71","19"
"CleanArch","60156249","6","23"
"Community","60188015","10","137"
"mojito","60379785","69","607"
"android-tvheadend","60466023","261","77"
"Dribbbler","60395071","46","36"
"Factorization","60204051","3815","564"
"android_frameworks_base","60332720","201116","8639"
"springexamples","60223405","2","112"
"ExpandableLayout","60608712","23","17"
"react-native-firestack","60655868","394","32"
"Android-SlidingEmojiKeyboard","60697878","12","27"
"android","60561834","6187","277"
"ClassifyView","60682238","47","34"
"FraudDetection-DataMicroservices","60737384","47","34"
"MHGenDatabase","60881315","183","280"
"ti.goosh","60849090","100","6"
"react-native-twilio-ip-messaging","60699546","223","20"
"ZhihuNews","60848846","8","65"
"Jisort","60695853","334","66"
"MDVideo","60621842","92","52"
"frameworks_base","60807738","246586","10708"
"FocusResize","60911140","28","11"
"CircleProgressBar","60886617","11","5"
"sealtalk-android","61201489","87","251"
"WeatherAlarmClock","60942427","317","222"
"PullToLoadMoreView","61189932","5","5"
"janino","60977924","1242","172"
"MinecraftPEServer","60897163","64","4"
"LoopViewPagerLayout","60919168","32","19"
"ZhuangbiMaster","60960153","17","53"
"Aion-Lightning-4.9","61112061","100","5247"
"demo-app-imlib-live-chatroom-android","61005729","21","31"
"react-native-contacts-wrapper","61179178","28","28"
"LyricManager","60912040","1","9"
"giiwa","61117349","567","270"
"Android_Suixinliao","61169565","538","145"
"thunderboard-android","61065950","3","97"
"L2jUnity","60920898","3248","14704"
"skeleton","61180413","66","119"
"InformationExtraction","60999896","345","59"
"ExpandingPager","61500246","22","16"
"RecyclerViewUndoSwipe","61306609","11","11"
"PassWordInput","61302844","25","9"
"MVPframe","61355630","19","79"
"ssm","61446080","7","14"
"seckill","61269379","10","21"
"TradeIn","61470360","6","152"
"betweenus","61562687","5","33"
"incubator-pirk","61468488","179","573"
"jAlbum","61444503","230","48"
"Goodtime","61319303","193","24"
"Mycroft-Android","61550130","73","20"
"livestream_demo_android","61516932","29","105"
"HappyPlayer2016-06-09-new","61476339","15","178"
"SpringMVC_Study","61254128","25","29"
"cosmic","61372044","500","4199"
"marklogic-contentpump","61568170","10883","255"
"JavaBatch730June","61259393","13","75"
"iot-school","61425996","206","187"
"BrightIndoorSDK_Android","61344012","11","10"
"A178470","61536337","68","145"
"Course-Materials","61297522","875","424"
"StepView","61687257","104","15"
"LoadingView","61613985","51","26"
"bonfire-firebase-sample","61706237","20","99"
"photofilter","61812387","26","7"
"SlidingBallViewPager","61697891","17","13"
"wasabi","61667990","567","989"
"XMVideo","61616340","7","60"
"MoeMusic","61789843","94","220"
"Vivecraft_110","61960935","34","259"
"AdViewPager","61862360","12","5"
"SmartTouch","61788433","16","61"
"TianChi_CaiNiao_Season2","61600906","4","24"
"Kockoc","61594492","287","153"
"ROMInstaller","61750253","338","19"
"scsb-etl","61646128","668","210"
"packages_apps_Settings","61715292","22628","512"
"BangSoccer","61769231","290","106"
"MagicIndicator","61980073","152","45"
"VideoListDemo","62104351","12","21"
"MarkdownEditors","62302683","34","68"
"AndroidEdit","62276677","17","2"
"MoeQuest","61979200","78","79"
"incubator-carbondata","62117818","1300","897"
"VitamioDemo","62238917","13","42"
"UltimateSwipeTool","62110917","19","32"
"science-journal","62246684","883","434"
"android-material-stepper","62123604","24","34"
"SwipeLayoutRecyclerView","62300119","20","24"
"LKShop","62030175","16","119"
"voxelshop","61968968","516","296"
"HwReader","62319564","35","97"
"PolygonProgressView","62032116","10","4"
"GiggleViewRecorder","62308145","8","12"
"YiPlayer","61989410","21","55"
"GTAS","62250821","162","1992"
"AnyRTCDemo-Eclipse","62116627","6","112"
"JavaDocs","62122230","37","163"
"game","62000765","47","54"
"AndroidChromium","62540781","42","883"
"ThemeSkinning","62613029","35","45"
"HFRecycleView","62505459","30","47"
"emojilike-android","62543545","17","19"
"cloud-espm-v2","62535317","17","86"
"Pokkit","62498695","182","102"
"TouTiaoTabBar","62528181","11","15"
"gef","62662381","3985","838"
"Retrofit2.0_Demo","62609619","128","27"
"White","62569390","27","32"
"IridiumApplicationTesting","62607333","642","176"
"rn-learning","62417027","34","128"
"SIGM","62373731","49","12700"
"Go","62362003","25","99"
"Toury","62591215","90","17"
"badparking-android","62498011","389","56"
"VirtualApp","62722814","563","572"
"mengqu","63002629","8","98"
"CoordinatorLayoutDemo","62790033","3","12"
"intellij","62894057","16","840"
"LanSoEditor_advance","62800551","41","83"
"DataVec","62700410","335","835"
"mao-rn-android-kit","62895258","81","24"
"iBase4J","62878202","491","254"
"Cordova_shopping","62927968","39","2008"
"gcs","62752379","456","244"
"Scada-LTS","62729823","51","2887"
"AndroidStudy2016","62936235","19","11"
"Mix","62832104","170","5207"
"ThreeDViewer","62797233","47","19"
"APitunes","62833672","185","5747"
"OpenEyes","63205112","15","78"
"ijkplayer","63305327","5","63"
"grakn","63110867","747","841"
"StickyHeaders","63439398","29","13"
"AndroidMaryTTS","63228339","45","2269"
"fastdex","63214860","29","781"
"MAHAndroidUpdater","63134929","56","16"
"SPICE","63381130","4","19"
"ShortRoid","63342226","48","15"
"react-native-sms","63281162","50","4"
"littleluck","63142140","83","668"
"QRCodeLoginDemo","63069642","1","18"
"PokemonGO","63292838","8","3075"
"pay","63134160","12","219"
"microservices_with_spring_boot_cloud_security","63344856","68","45"
"Vitamio_IJKPlay_MediaPlay","63387865","17","82"
"finalspeed-91yun","63284789","43","75"
"CodeChix-Technical-Curriculums","63387448","95","42"
"PokeGOAPI-Java","63499395","681","147"
"PokemonGo_Android_RE","63533668","40","98"
"LCRapidDevelop","63740695","36","115"
"FontZip","63768051","36","526"
"jcalaBlog","63759748","303","409"
"Mysplash","63559856","93","303"
"SHSwipeRefreshLayout","63518892","16","12"
"AndroidTools","63773114","60","46"
"StyleDemo","63678660","16","36"
"Pokemon_NoGo","63669999","30","12"
"GN4R","63508852","78","71"
"sevenwonders","63598723","386","152"
"LZU-DJI-Summer","63562210","54","95"
"cursors-intro-lesson","63620196","8","19"
"Gespro","63497636","5","536"
"PinnedSectionItemDecoration","63978270","49","18"
"PokeMate","63952126","467","27"
"pokeRadar","63914824","12","0"
"owspace","63843444","77","89"
"OMTG-Hacking-Playground","63831082","25","29"
"ID-Card_with_TensorFlow_Opencv_in_Android","64094833","38","10"
"PokeSensor","64111939","45","41"
"luceneserver","64122791","114","160"
"yunbo","63838005","7","89"
"qaf","63951785","150","248"
"Android-Face-Recognition-with-Deep-Learning-Test-Framework","64016894","63","15"
"AcikAkademi","63899165","14","1197"
"android_device_elephone_p9000","63951433","349","7"
"JavaWEB","63881913","29","87"
"amazon-cesi","63875627","20","8"
"dangchat-sdk","63850707","47","1468"
"nock-nock","64532704","45","18"
"rl4j","64529819","83","61"
"MeizhiGank","64180394","60","49"
"foodie-app","64292228","15","48"
"CityDemo","64465896","5","23"
"VolumeView","64539926","1","4"
"talk-android","64203431","8","733"
"SubstratumThemeTemplate","64338815","80","1"
"RN-RecyclerView","64462241","11","9"
"twill","64458355","205","302"
"pos_unibratec_2016_1","64545088","41","76"
"PCF-Ops-Workshop","64420884","113","56"
"Memo","64496519","107","55"
"YZR","64182072","299","693"
"freeline","64864962","321","112"
"BookReader","64817102","382","269"
"ChipsLayoutManager","64873196","380","164"
"SwipeRecyclerView","64858321","15","41"
"ZeusPlugin","65002142","47","23"
"code-reader","64836918","226","139"
"WellSwipe","64985001","100","87"
"imagepickerdemo","64898722","3","29"
"RTMPCHybridEngine-Android","64656655","80","32"
"ImagePicker","64893333","64","25"
"Android-ImagesPickers","64769252","57","23"
"android_rtmppush_sdk","64724443","9","20"
"wedding-app","64811879","17","15"
"OpenLauncher","64836131","99","48"
"jcrete2016","64839904","42","44"
"ding-isv-access","64809704","19","152"
"Cloud-Deployment","65013568","12","9"
"wowo","64978417","65","179"
"GeekNews","65138856","58","138"
"Onboarding","65196748","28","12"
"CalendarListView","65375706","3","24"
"H-Viewer","65206209","350","185"
"SwipeMenuDemo","65250675","34","8"
"GameNews","65163872","11","58"
"avenging","65289278","42","42"
"Gank","65258745","9","97"
"PokemonGO-AR-Example","65166640","8","3"
"GoogleMapsRippleEffect","65408465","20","7"
"CustomViewSets","65371941","20","31"
"PhotoEdit","65380389","20","65"
"FamilyChat","65127503","164","273"
"Android-RecyclerViewHelper","65255133","13","13"
"ViewStudy","65279588","13","9"
"CS1632_Fall2016","65315821","82","14"
"BSP","65086656","36","713"
"IoT","65137656","41","337"
"CI_CD-Final","65292980","5","3"
"android-strings-search-plugin","65546713","38","12"
"OpenBox","65661413","88","14"
"GoldDrop","65727696","3","7"
"beauty-of-math","65427702","126","107"
"pokemon-go-xposed-mitm","65599986","80","20"
"KSYLive_Android","65545718","46","59"
"MySnackBar","65535987","45","11"
"RecordPath3D","65449892","19","8"
"iBase4J","65710930","526","251"
"minecolonies","65616760","2996","277"
"Android-Face-Recognition-with-Deep-Learning-Library","65614505","48","2667"
"Yishiyong-By-JFinal","65732279","18","51"
"StreamTransimitServerLibs","65436855","5","2"
"CSX278","65611177","222","51"
"jcconf2016-workshop","65747877","24","23"
"AndroidExamples","65717012","33","65"
"LookLook","66121085","99","90"
"TelegramGallery","66061669","25","60"
"ThumbnailMenu","65978545","47","13"
"PlaceHolderView","66012679","198","72"
"PuzzleView","66067331","39","27"
"GoIV","65773643","1342","59"
"Weather","65805972","7","66"
"RecyclerView","65953303","32","17"
"Common","65823683","63","86"
"weChatDemo","66066359","38","51"
"SEM3","66096887","303","151"
"sso-shiro-cas","66066456","19","94"
"AndroidRTSPLib2","65992340","5","35"
"ser421fall16","66167874","37","199"
"ankus_optimizer","65866604","59","53"
"Xamarin-Cross-Platform-Mobile-Application-Development","66077875","18","1316"
"PersistSpring","65900122","9","23"
"small-video-record","66544073","31","24"
"SpringBoot-Learning","66179765","223","164"
"BlurView","66439229","14","39"
"SpringDemo","66254061","15","28"
"gc-webdb-2016","66601061","21","2"
"akka-doc-ja","66321621","2956","373"
"Appalachia","66404572","337","1095"
"packages_apps_Settings","66506518","27343","598"
"Android2417Examples","66222553","91","217"
"SuperIndicator","66609611","27","11"
"InteractiveInfoWindowAndroid","66855282","43","17"
"ImageMap","66852906","77","26"
"DragSlopLayout","66937145","43","37"
"subclipse","66960133","2548","745"
"MaterialNews-Mvp","66655071","46","142"
"iShuiHui","66707137","49","88"
"RN_BBS","66930012","18","73"
"Demos","66614729","202","290"
"LightAdapter","66965936","61","27"
"dhis2-core","66940520","927","3238"
"CandyCrushSolver","66926226","17","298"
"CTFCrackTools","66630128","32","6"
"Hillffair","66711127","261","82"
"android_frameworks_base","66939983","251666","10740"
"Festember16","66658786","200","69"
"RecyclerViewCardGallery","67105438","19","13"
"CreditSesameRingView","67131628","41","9"
"GankWithZhihu","67409110","22","68"
"Forcelayout","67268269","50","6"
"ksyhttpcache_android","67419967","8","18"
"jasperreports","67412430","7719","3192"
"AnotherYouku","67223316","2","133"
"sle16","67222012","130","3282"
"android_packages_apps_Gallery2","67373134","11792","552"
"Students","67109010","1525","516"
"Ghost","67468634","156","134"
"DoorSignView","67824365","34","6"
"RetailMeNotList","67777628","4","6"
"Tuikan","67574353","55","164"
"GitClub","67841511","70","163"
"SuspensionIndexBar","67497436","48","26"
"java-web","67609252","1340","546"
"SmartDemo","67863133","7","77"
"viewpager_fragment_viewpager_fragment","67486595","5","23"
"Platzigram","67819165","1","12"
"ArtOfIllusion","67470404","462","484"
"material-intro-screen","68010404","68","39"
"SpinMenu","68070021","47","18"
"SuperPlayer","68009403","18","54"
"XBanner","68089637","62","24"
"visualvm.src","68017978","3132","957"
"android-PageFlip","67930104","31","25"
"SnappyImageViewer","68227858","7","5"
"cicada","67914562","10","129"
"CommodityAttr","67982476","3","16"
"susi_server","68240213","2244","188"
"CoolChat","67969589","91","52"
"FRA241Group4","68035929","44","217"
"stucampus","68268353","625","639"
"Saul_Class_Projects","68151475","133","45"
"geogig-plugins","68248789","68","108"
"android-page-transition","68572656","42","8"
"KRecyclerView","68564408","32","7"
"GetBilibili","68428418","82","1"
"HappyReader","68594104","43","155"
"atom","68643971","141","282"
"TakeNoteApp","68392680","2","8"
"MSOH","68706955","14","30"
"CodeSpanners","68546320","168","49"
"mifosx-e2e-testing","68358359","97","488"
"RealtimeBlurView","68833911","20","4"
"FreeBook","68888972","43","139"
"SlideshowToolbar","68986151","34","6"
"AiYaSchoolPush","68894346","64","384"
"susi_android","68798776","348","45"
"opsu-dance","69188593","911","156"
"Graffiti","69148855","32","5"
"Java_NFe","68949807","57","25"
"C-Site","68778124","96","107"
"game","68869892","205","55"
"EmTag","69151731","29","180"
"PrimaryCalculator","69156901","134","118"
"FanLayoutManager","69570428","36","25"
"WxRecoderVideo","69217772","9","36"
"Notes","69475261","124","74"
"GalleryPick","69435562","54","29"
"gankio","69436311","5","95"
"helios","69648252","25","78"
"finserv-application-blueprint","69286491","53","11"
"Course-Materials","69486415","430","556"
"SeeNot","69551429","17","5"
"platform_frameworks_base","69678849","246669","10588"
"ProjetoTEC2016","69574648","143","18"
"booksource","69929839","24","164"
"Sectioned-RecyclerView","69920546","3","13"
"Blaze","69725891","17","8"
"OOP-2016","69889111","315","2633"
"30222","69901751","229","935"
"android_packages_apps_Settings","70026559","26601","567"
"30425","69902002","113","383"
"xmpp","70246852","37","134"
"WaterMonitor","70316642","26","20"
"PracticalRecyclerView","70297274","62","67"
"flickabledialog","70429577","41","11"
"AutoCrashReporter","70145755","26","8"
"android_frameworks_base","70118124","246179","10691"
"SoftwareTestCourse","70470785","233","16"
"UnicapMaps","70162268","70","37"
"DiagonalLayout","70920445","31","4"
"appbarlayout-spring-behavior","70798228","46","13"
"ImageTransition","70608741","14","14"
"TVSample","70810380","14","27"
"MobileVisionBarcodeScanner","70602866","38","15"
"pigeon","70584705","1576","435"
"WeatherView","70924325","148","10"
"flowable-engine","70780002","6756","6557"
"Vlc-sdk-lib","70562902","30","54"
"nono-android","70961063","7","443"
"SlidingIntoView","70611622","11","10"
"roncoo-adminlte-springmvc","70577660","116","631"
"SpringbootMybatis","70590174","5","17"
"spring-cloud-7simple","70581210","45","33"
"aexApps","70877314","116","105"
"activities-and-intents-lab","70943125","5","8"
"FastApp","71166486","9","123"
"LoadingProgress","71208926","31","27"
"MyHearts","71345942","77","225"
"ListVideoPlay","71459335","19","52"
"PKUSUMSUM","71240333","4","14"
"dashihui","71420186","38","503"
"PullRefresh","71339146","41","57"
"abixen-platform","71328643","134","558"
"zanata-platform","71434550","15694","2373"
"cloud-native-devops-workshop","71264221","110","75"
"teaching-MDE1617","71070388","23","54"
"ActivityHelper","71054371","28","6"
"hadoopWork","71447862","375","85"
"EsamuRFTAndroid","71390172","3","10"
"Face-Breaker-Game","71174087","163","22"
"SquareMenu","71893358","11","7"
"MobileGuard","71912078","4","104"
"Interessant","71562560","35","73"
"Currency-Converter-Android","71588824","20","14"
"RxApp","71550858","102","74"
"RetrofitUtils","71538724","7","27"
"PhotoMedia-master","71531854","40","14"
"heldroid","71784196","62","141"
"MServer","71700351","408","55"
"neo4j-documentation","71558013","42884","323"
"unit-testing-lab","71902768","4","24"
"MultiType-FilePicker","71984071","20","34"
"LivePlayback","72200828","12","55"
"VolleyX","72299435","28","20"
"honglv-no","72020387","21","107"
"math.uni.lodz.pl-2016","72144470","8","18"
"Advanced","72079753","54","314"
"album","72589714","1","36"
"spotbugs","72889410","15404","2668"
"XRichText","72621238","5","7"
"stroom","72740687","80","3028"
"MyDiary","72805051","126","65"
"Multi-Display-Cast","72556721","47","145"
"Harry-Potter-Game","72636353","19","24"
"BigImageViewer","72979537","27","18"
"SnackbarUtils","72989278","25","9"
"ABR-App-Backup-Restore","72985979","9","13"
"TranslationCompat","72984305","10","19"
"WelcomeVideoPager","73344957","5","7"
"linkagescroll","73357622","13","53"
"RecyclerViewDemo2","73365690","13","8"
"Tut-android","72964338","31","535"
"ems","73053411","24","237"
"GSYVideoPlayer","73614722","111","33"
"RapidInterpolator","73470675","24","8"
"LongPressPopup","73500312","33","19"
"QQ","73602319","19","72"
"NotificationUtil","73463559","19","4"
"fangDouYu","73698899","5","167"
"modconf2016-workshop","73743815","13","14"
"LiTCode2016","73435556","6","280"
"RemoteRepoForTestLean","73541418","5","6"
"Crescento","74023448","55","6"
"ArcLayout","74137778","17","3"
"TinderStack","74231079","14","10"
"FingerColoring-Android","74126261","11","103"
"JPTabBar","73914408","32","30"
"FrescoUtils","73922132","11","41"
"ssm","73936102","4","21"
"TaipeiTechApp","74253655","21","88"
"FA16SCM","73933325","361","26"
"CoolImageView","74739597","25","4"
"CommonRecycler","74585853","16","66"
"FloatBall","74836105","8","7"
"Saude-no-Mapa","75081827","93","142"
"tic-tac-toe","74894333","5","31"
"fgmk","60216473","508","58"
"two1-python","60207695","1912","183"
"neural-art-mini","60410750","10","3"
"insuranceQA-cnn-lstm","60221335","18","5"
"CharCNN","60218535","18","4"
"Euro2016_TerminalApp","60484305","80","3"
"dragonn","60218942","62","14"
"resnet-cppn-gan-tensorflow","60234515","4","6"
"wide_resnets_keras","60194498","5","3"
"generative_audio","60250621","205","23"
"CNN_keras","60450044","14","8"
"CWS","60396403","7","10"
"cryptography","60335641","69","1028"
"Bank","60191243","24","36"
"repository.guilouz","60445026","173","1"
"python-class-projects","60397525","43","29"
"reelBid","60309306","27","131"
"reltools","60200163","1607","35"
"volttron-applications","60370661","33","154"
"superdesk-aap","60257626","8685","156"
"tensorlayer","60626727","600","45"
"improved-gan","60708386","31","20"
"wiki-reading","60561356","31","2"
"imitation","60875611","1","21"
"codenn","60563775","13","63"
"rosbridge","60744844","42","4"
"Python-Machine-Learning-Cookbook","60766913","10","92"
"infrasim-compute","60502320","318","37"
"jwst","60551519","962","440"
"python-otcclient","60558854","140","33"
"mosviz","60710296","365","17"
"words2map","61056890","69","1"
"deep_trader","60896009","141","27"
"mlp-classifier","61248043","11","3"
"AI_Reader","60985977","111","91"
"DropNeuron","61067069","46","9"
"Bitpy","60970460","78","55"
"tensorflow-worklab","61095816","29","19"
"deep-learning-course","61187238","26","4"
"open-lambda","61392620","303","794"
"VulApps","61273980","46","19"
"reductio","61342308","1","3"
"OpenATC","61313234","172","3"
"generative-adversial","61390334","28","4"
"Inception-v4","61495087","25","3"
"pypi-legacy","61431422","1973","65"
"FaceSwap","61457547","12","8"
"Tensorflow-Study","61412050","4","19"
"TDD","61510945","56","1326"
"AGNfitter","61365093","83","19"
"Seeed-WiKi","61270591","367","78"
"decocare","61403772","1504","55"
"Drawing-FreeCAD","61396432","20","28"
"PocCollect","61613400","16","114"
"sand-spline","61906348","32","9"
"deep-pwning","61609586","41","15"
"Image-Super-Resolution","61890529","93","9"
"test","61880024","49","7"
"char-models","61644236","7","2"
"word2vec-recommender","61623998","116","33"
"RAM","61919494","49","6"
"Smilei","61810048","2495","209"
"Eagle","61621289","14","769"
"inferelator_ng","61822570","234","27"
"Snapper","62033458","18","5"
"deep-learning-from-scratch","62205591","61","59"
"Steal-ML","62039770","6","94"
"easy_seq2seq","62029276","23","10"
"variational-autoencoder-theano","62146002","35","7"
"Generative-Moment-Matching-Networks","62163643","2","1"
"dqn","62280227","1","1"
"Aureola","61988963","285","9"
"syntheticmass","62340532","233","725"
"SubCNN","62128453","459","62"
"osf-meetings","62246160","1130","186"
"DeepHCCR","62446497","6","2"
"vent","62470755","1185","42"
"HousePriceAcrossTheCountry","62429794","13","11"
"DeepQA","62824998","58","31"
"prednet","62921257","46","6"
"lazy-balancer","62794699","128","1256"
"CrowdMaster","62895235","597","43"
"Pansidong","62983335","54","31"
"OCR_CharGen","62905261","6","1"
"Stellar","62875256","147","88"
"doc-tutorial-downloads","62902626","66","7"
"sarai","62796239","225","479"
"wavepy","62917800","63","14"
"TLDR","63294342","1093","1"
"Keras-FlappyBird","63151754","7","3"
"RNN_basketball","63429752","13","5"
"Quillpad-Server","63244227","9","23"
"molecular-design-toolkit","63356659","285","133"
"EntityLinkingRetrieval-ELR","63431463","19","13"
"acacia_main","63302435","4","214"
"WNTR","63262591","905","72"
"PokemonGo-Bot","63752974","2759","111"
"PokemonGo-DesktopMap","63730796","80","1352"
"deep_recommend_system","63595107","87","3797"
"Stein-Variational-Gradient-Descent","63637456","37","4"
"get_started_with_respeaker","63657426","54","119"
"CTF","63731900","39","26"
"xuebao","63580901","5","39"
"Sentiment-Analysis","63583767","5","3"
"RNN-Classification","63677324","10","6"
"AgileMachineLearning","63736164","59","39"
"devconfcz","63590858","220","14"
"fast-style-transfer","63832089","21","7"
"osmnx","64045935","59","3"
"dist-keras","64122944","628","11"
"terminal-leetcode","63989238","38","14"
"LIFT","63952900","4","31"
"ProxImaL","63992576","84","108"
"pyERA","63858506","102","21"
"mps20160723","63987388","29","8"
"PokemonGo-Bot-Desktop","64179654","209","666"
"Generative-and-Discriminative-Voxel-Modeling","64568221","11","19"
"tensoronspark","64484991","34","19"
"DeepLearningPython35","64501070","9","8"
"mote","64413396","121","14"
"LedMatrixGames","64336675","103","16"
"Ida_Pro_Screen_Recorder","64236181","14","12"
"caffe-materials","64521371","7","12"
"facenet_demo","64275540","3","10"
"Pipeliner","64246358","444","23"
"PokemonGo-Map","64970925","1085","38"
"research","64815511","36","13"
"AutoTraveler","60138564","14","48"
"dcos-commons","60286497","557","380"
"lvxin-pro","60458909","24","3"
"helpdesk","60473586","62","20"
"kbaldor","60212268","54","74"
"WliveTV","60546310","14","144"
"AndroidCalendar","60671721","19","3"
"DiscView","60621271","9","4"
"ccs-calendarserver","64889658","9711","746"
"Self-Driving-Car-Demo","65053038","5","5"
"Chatbot","65004289","133","49"
"Depth-Estimation","65010883","10","24"
"f5-automation-labs","64935221","9","1"
"page_dewarp","65412330","19","2"
"dcgan-completion.tensorflow","65300077","27","6"
"lackey","65250725","132","12"
"end-to-end-for-chinese-plate-recognition","65134893","10","3"
"music-auto_tagging-keras","65070034","71","5"
"study","65181116","32","127"
"PokemonGo-Map","65111504","718","24"
"python-cloudfoundry-demo","65396316","39","6"
"buildroot","65318350","41","719"
"deep-regex","65433690","13","9"
"Adversarial_Video_Generation","65582754","38","11"
"retina-unet","65546193","14","8"
"data","65705988","702","18"
"antivirus_demo","65594576","4","4"
"ase16","65644626","278","24"
"open_nsfw","65851975","9","1"
"RNNLG","66077191","44","21"
"qtpylib","66001846","445","25"
"vae-tf","66024630","127","5"
"DAT210x","65963550","10","29"
"cello","66051665","256","53"
"Firewall","65874128","4","50"
"docker","66067220","298","2"
"2016-ml-course","66006266","199","4"
"Fastcampus-WPS-3rd","66008502","2423","1329"
"pandas2","66392879","14228","557"
"hostintel","66305402","141","13"
"lalascan","66458044","34","431"
"festcms","66387853","136","37"
"Dynamic-Memory-Networks-in-TensorFlow","66538547","54","4"
"pyfun","66314035","66","4"
"guinessnigeria","66557582","8","3566"
"PriceWatch","66423391","112","94"
"mission-improbable","66900824","54","3"
"GenerativePredictableVoxels","66842018","9","2"
"libmozdata","66842982","727","49"
"4103-102-IntroOpSys","66900600","36","25"
"Young","67109930","12","195"
"sugartensor","67399212","70","25"
"appiumn_auto","67382807","27","40"
"retrieval-2016-icmr","67435677","25","26"
"DeepLearningImplementations","67865666","105","26"
"BrundleFuzz","67640001","5","61"
"rpivot","67628760","22","3"
"compuational_physics_N2014301020001","67853365","348","20"
"computational_physics_N2014301020067","67515452","247","15"
"Clairvoyant","68036822","150","4"
"wavenet","68003307","45","3"
"PokemonGo-Bot-Backup","68160063","2195","103"
"ba-dls-deepspeech","68251880","43","9"
"icnn","68150173","44","29"
"iOS-private-api-checker","68173572","69","93"
"osint_tools_security_auditing","67927654","9","45"
"tf_chatbot_seq2seq_antilm","68091456","12","17"
"hamaa","67903951","58","32"
"lazyprogrammer","68338115","114","126"
"AdvPy-student","68116996","161","46"
"compuational_physics_N2014301020111","67932003","102","12"
"scalersForum","67961142","9","13"
"streamlink","68402336","1665","192"
"encore.ai","68462402","130","14"
"TextGAN","68559819","12","9"
"batch_wordpad_glitch","68482286","31","2"
"PSNovaTranslations","68705319","1026","3"
"py","68434790","2320","73"
"TeamCFSM","68428118","12","2"
"Akriti-Aman-Ashwin-Jaydev-Deep-Hritik","68373440","28","29"
"Neural-Photo-Editor","68827685","22","13"
"span-parser","69111915","21","5"
"arkham-horror","68957269","105","2"
"NLPCC-WordSeg-Weibo","69085478","10","2"
"Carrom_rl","68910530","195","9"
"ML-JusticeLeague","69039943","69","12"
"introspective","69505388","49","7"
"android-automation","69235407","33","1"
"ProgrammingPractice2016f","69374382","54","11"
"superdesk-ntb","69649745","8287","35"
"MLAlgorithms","70036319","67","64"
"Autopilot-TensorFlow","69761580","31","5"
"tensorflow-tex-wavenet","69802228","25","6"
"face_specific_augm","70083409","17","8"
"PyGame-101-Codelab","69886579","26","11"
"python_ebc_2016","69966510","46","13"
"oct_2016_python","69894790","456","2910"
"TensorFlow-Chinese-Tutorial","70307904","149","20"
"AI-Smart-Mirror","70344351","9","12"
"proton","70445701","70","1449"
"Seq2Seq_Chatbot_QA","70499386","16","4"
"music-features","70277440","31","23"
"DDPG-Keras-Torcs","70600234","6","7"
"fast-neural-style.tf","70864535","3","1"
"openassistant","70595417","140","16"
"Super-Resolution-using-Generative-Adversarial-Networks","70688146","69","9"
"Colorful-Image-Colorization","71075822","64","7"
"mrihw2016","71222958","18","2"
"mbzirc_c2_auto","71458767","275","84"
"mxnet_mtcnn_face_detection","71534543","3","3"
"keras-steering-angle-visualizations","71795533","10","4"
"pencil-python","71637772","2","6"
"taurus","71514059","3358","408"
"NaoSafeWalk","71705400","114","36"
"AssociativeRetrieval","72264287","39","9"
"multi-class-text-classification-cnn","72329031","46","4"
"urnn","72247168","112","7"
"crosswall","72064753","11","1"
"projects","72381342","5","14"
"NTALMiniProject","72092542","24","1"
"OpenRAM","72662753","85","247"
"dsi-sea-week05-1.1","72614487","20","18"
"aiexperiments-ai-duet","73394942","27","116"
"paintingReorganize","73401402","18","1"
"rt-bot","73011584","510","431"
"wanggoumiji","72966613","18","6"
"chainer-VAE","73149519","4","2"
"assignment7","73031506","182","217"
"trump_speeches","73881691","12","1"
"pix2pix-tensorflow","74645946","25","4"
"unchained_blog","74360251","195","62"
"Meizar","60469376","20","6"
"megacfs","60365871","382","3004"
"shadowsocks-plus","60582280","41","8"
"snickers","61167975","382","45"
"go-truss","61059364","397","100"
"kubernetes-1.2","61210755","56","5203"
"go-microservices","61288927","98","14"
"wechatcmd","61273263","43","24"
"Distributed-Systems","61299040","18","71"
"gopl-zh.github.com","61531463","678","185"
"go-mysql-rest-api","61573266","7","2"
"mylg","61661892","621","208"
"go-msi","61898036","179","8"
"auction","61807858","171","2"
"omg-cli","61689619","445","274"
"crane","62773012","1730","2770"
"core","62972285","53","1346"
"cardigann","63428420","428","2161"
"storage","63429318","25951","459"
"go-ethereum","63557034","7636","1043"
"node-feature-discovery","63999998","51","9"
"k8s-AppController","64461564","274","54"
"tidb-tools","64638071","104","474"
"rktlet","65413483","131","9134"
"openapm","65652400","141","1079"
"ces27-lab1","65693641","34","6"
"candy","65800143","232","448"
"exposecontroller","65811007","105","9871"
"fabric","66573241","930","1977"
"golang-web-dev","66505292","248","1539"
"foulkon","66350311","549","61"
"bosh-cli","66965340","1285","2852"
"borg","67892585","169","12"
"layerx","67823789","360","1208"
"amalgam8","67527666","1408","1078"
"containercafe","67509905","1271","530"
"slack-term","67938435","83","10"
"service-catalog","68024288","82","66"
"dingo","68385152","24","4"
"Shrike","69215179","24","258"
"mattermost-load-test","69501671","99","47"
"kube-aws","70860688","363","1058"
"cds","70572539","126","1317"
"cyclone","71099614","166","1657"
"trireme","71510166","234","57"
"isucon6-qualify","71200767","1","70"
"p2","72215499","8","27"
"talks","72853152","26","48"
"torrentsniper","72527669","1","7"
"ingress","72891330","313","1644"
"quorum","73670742","7821","1151"
"news","60295792","4642","284"
"ImagicalMine","60420943","2228","1077"
"ciscodocker","60176766","45","788"
"connfa-integration-server","60609230","264","1011"
"ninja","60830267","9798","991"
"luluyii","60512208","320","175"
"task","60824515","17","2141"
"deskulu","61202556","123","1473"
"clerkscart","61234724","305","1374"
"zhuyicms","61020541","1187","445"
"wordpress","61213428","28","8"
"grav-skeleton-course-hub-site","61136869","13","1358"
"PhpSpreadsheet","61490598","1463","588"
"Merlin.PHP","61542277","139","112"
"baoleiji","61308767","2","1720"
"gear-cms","62324242","1135","408"
"AppShopService","62100810","7","358"
"RAM","62200316","5","8896"
"nemesis","62582936","36","16"
"sss_desertbus","62709048","48","3"
"phphub5","63073314","793","2551"
"joomla-spark","63292749","119","3005"
"pentest_tools","63750997","11","93"
"rconfig","63550116","176","241"
"Startblog","63858701","70","338"
"baijiacmsV3","63856699","29","1282"
"Shop-PHP-Yii2","64497532","78","3334"
"Thinkphp-5.0-backend-template","64208144","36","1190"
"PHPMap","65315727","229","185"
"web2.0","65116049","159","200"
"SfynxGeneratorBundle","65550393","54","164"
"Xblog","65869386","529","210"
"CAT","65980264","1266","158"
"Awsome-Front-End-learning-resource","66709063","33","324"
"Worldopole","66685716","340","42"
"lairdubois","66921759","147","485"
"Selenium","67329041","113","21"
"tabun","67448434","2944","337"
"his","67320472","64","517"
"drupal-docker-kickstarter","67606081","12","16"
"openant","68443574","43","1110"
"powermail","68707214","1878","325"
"wwydh-app","68358030","178","45"
"sikobe","69106847","88","694"
"CECS-300_LB_WebSurferz","69047057","212","538"
"qp16-fall","68777961","8","45"
"PocketMine-MP","69691727","4964","847"
"ERPwNFe","69751766","13","579"
"UMSJTUAA","69750895","60","415"
"agile-ms","69885566","286","9819"
"hackathon-Rennes","69853855","60","9"
"devilbox","70239358","98","1661"
"glugWebsite","70155521","96","2156"
"practica-tradured","70221055","4","1192"
"My-CTF-Web-Challenges","70726575","19","48"
"pizza","71262214","476","183"
"SB_Material_Design","71560705","262","701"
"otb-giftapp","71625820","30","1197"
"voyager","72069409","245","567"
"radiografies","72209702","55","132"
"phpwind","72900085","163","2117"
"colloquiumapp","72544945","805","322"
"SoftEther-Netraffic-BLG","73540317","25","384"
"jivass","73541604","21","524"
"ApiAdmin","74432786","168","219"
"quant4s","60655488","149","242"
"berkeley-doc-summarizer","61528745","10","35"
"scalabpe","61355224","156","66"
"Aktaion","62543288","58","32"
"DeepLearningForFun","63648404","53","25"
"topwords","63587301","38","10"
"dangchat-server","63848626","112","712"
"shadowsocksr-android","65091640","1554","52"
"synereo","65491385","3135","892"
"akka-http","66077955","1473","766"
"scalawarrior","69712698","7","24"
"anypixel","60266911","38","263"
"papaya","60458686","123","187"
"SIF_Win32","60679156","47","743"
"TriforceAFL","61071038","22","6435"
"qpc","61225048","57","451"
"ffmpeg-xcode","61031460","2","2133"
"android_device_oneplus_oneplus3","61177853","199","106"
"ffplaymfc-sdl2","61014896","18","24"
"Omnidrive-Control","61238797","15","42"
"magenta","61856995","2583","2243"
"android_device_xiaomi_land","61593267","12","3"
"future_net","62146108","20","183"
"LIB_for_MCU","62186676","12","1568"
"cocos2d-x-lite-external","62191848","34","14"
"device_lenovo_aio_row","62123349","12","46"
"386bsd","62477866","2","2256"
"BoneOS","62652468","117","42"
"sph406_june2016","62626693","3","4"
"IoT_pHAT","62778986","51","2"
"Wrench","62957704","665","724"
"Xastir","62757680","5129","128"
"SoundKeylogger","62818087","7","87"
"FFMPEG-Live555-H264-H265-Streamer","62948357","23","7"
"qemu-lite","62741733","45341","2130"
"Acrylic-DNS-Proxy-GUI","63447395","83","0"
"rn-alipay","63211130","19","6"
"ff-player","63131317","20","11"
"PayiOS","63040643","6","0"
"nginx_ofp","63423483","5513","209"
"SwarmUI","63821245","52","78"
"vkQuake","63755042","275","98"
"Zooids","63642687","28","74"
"ZeroTierSDK","63642045","230","361"
"s2geometry-node","63592313","71","5"
"u-boot","63598098","39256","3814"
"AED1_2016-2","64172863","970","197"
"android_device_leeco_x2","63983745","302","117"
"PNG_stego-test","63919053","5","89"
"SimpleRT","64512332","51","9"
"myevic","64355013","284","25"
"vm86","64183833","10","8"
"ez-connect-lite","64365073","28","147"
"public-pentesting-reports","65019435","39","13"
"MyOpenGL","64948816","28","30"
"ironssh","64637348","8430","283"
"Ninslash","64778623","77","191"
"TPInterrupcion","65016042","2","127"
"TPBlinky","64893087","2","127"
"far2l","65415224","680","823"
"KernelFuzzer","65541864","13","5"
"AMF","65736058","7","56"
"OpenRE","65602982","25","1756"
"TP-Clase-10---PWM","65519521","2","128"
"TPTimerInterrupt","65425072","11","128"
"patcherex","66163898","521","66"
"findmalware","65886852","20","23"
"Clase-11---ADC","65962032","2","128"
"jipai-app-ios","66536304","2","6"
"openocd-esp32","66542145","7278","299"
"ioopm16","66352998","116","100"
"brainbasket","66193230","54","43"
"hetao","66752656","46","57"
"CLASE14-SPI-UART","66610338","2","129"
"B150118","66770594","210","21"
"skypeopensource2","67221943","36","1142"
"camel","67380459","145","1220"
"bspatch","67122707","11","15"
"Fall2016","67328109","231","35"
"CS6533","67451764","40","6"
"crazepony-firmware-rtthread","67337268","1","1738"
"TP_M_E","67176527","1","128"
"tblive","67855520","9","699"
"EasyAudioDecoder","67849832","18","4"
"diplo_embebidos_3","67833792","337","90"
"Incremental-update-master","68006491","3","33"
"SqqFinalRecord","68272993","2","6"
"BlueHouseProject","68073531","667","314"
"WOWProject","68073518","173","518"
"EGP-410","67972883","2","60"
"Arduino_Core_STM32F1","68368573","58","1988"
"NDK-FFmpeg-master","68980024","3","7"
"osmesa-src","68960207","15","2542"
"neural-redis","69393843","86","5"
"amis","69895817","342","60"
"ui","70457020","277","42"
"ReClass.NET","70486261","292","179"
"android_device_moto_shamu","70123654","9289","109"
"mpich","70918679","9403","1922"
"MAME4apple-037b5","70750218","41","1128"
"hammertime","71479722","18","35"
"PrivEsc","71915988","5","197"
"Image-Processing","71766078","71","5"
"vdhh","72028619","52","360"
"2016","72236636","139","264"
"pycom-micropython","73730714","7049","1469"
"quadcopter-flight-controller","74289303","155","337"
"CTF-challs","74399632","21","68"
"Praktikum","74352402","86","2"
"ng2-tic-tac-toe","60219816","62","12"
"guide-zh","60457212","1372","4"
"SuperLR-Page","60327720","12","4"
"exponent-docs","60140476","273","20"
"HPlus-UI","60449314","18","942"
"SmartAdmin","60413446","3","5445"
"MIUI_V8_Italy","60249516","526","112"
"r-workshop","60305267","25","17"
"php-09.05.2016-homework","60274690","38","32"
"2017.scalamatsuri.org","60190322","595","40"
"stat133-su2016","60485871","101","1129"
"sourcegraph","60270223","5758","24177"
"html-css-css-page-layout-code-along-html-000","60217566","28","5"
"html-css-social-nav-bar-code-along-html-000","60217578","18","5"
"html5-video-embed-code-along-html-000","60217526","30","5"
"html5-semantic-containers-code-along-html-000","60217528","21","5"
"monaco-editor","60630844","130","102"
"WALKOFF","60713229","44","829"
"investigator","60544505","80","45"
"spark.rstudio.com","60858762","257","97"
"htmldocs","60567084","1635","235"
"web","61050443","9171","29"
"openEMSstim","61114911","198","205"
"ezplatform-com","61210585","1440","17"
"guide.inclusivedesign.ca","61069130","113","3"
"aurora","61216852","46","322"
"E-commerce","61338837","11","9"
"DataScience350","61551730","83","1"
"wings-site","61541354","368","10"
"DSSG2016","61331046","243","27"
"html5-semantic-containers-code-along-wdf-000","61298600","23","5"
"CSS-Styling-wdf-000","61298602","37","5"
"adding-responsive-features-wdf-000","61298661","18","5"
"animal-save-wdf-000","61298665","24","5"
"box-style-codealong-wdf-000","61298643","21","5"
"QAFour","61515146","74","796"
"chpitter","61290452","42","97"
"html5-video-embed-code-along-wdf-000","61298594","30","5"
"Codealong-Creating-Columns-wdf-000","61298628","24","5"
"GenCyber-web-content","61735584","219","8"
"JavaScript201606","61771722","80","537"
"Senasa","61908378","78","1452"
"serenata-de-amor","62087567","243","36"
"Course-Resources","62103561","107","2"
"fe-code-along-4-web-1116","62172759","21","5"
"fe-code-along-4-web-0916","62172123","21","5"
"note","61970208","14","165"
"QMUIDemo_Web","62635015","93","142"
"user2016","62415028","6","1"
"cbp-theme","62663252","93","29"
"actual-10-homework","62444661","578","11097"
"jw_blog","62579997","50","39"
"flinhong.github.io","62669792","105","73"
"ciencia-de-dados-1","62590125","42","1"
"JavaScript201607","62600041","62","661"
"data-dev-learning-labs","62409512","775","5"
"billyn-pro","62637042","27","3196"
"Mobile","62605791","147","2408"
"frontend-css-fairhyip","62474098","6","2"
"zd_web","62982817","48","120"
"fsla","62838720","79","2"
"WDI-Conf","62691312","338","17"
"ld2016","62883148","255","44"
"px-vis-pie-chart","62911353","67","9"
"iuap-content","62801764","909","2"
"jrg-renwu6","62701904","773","1120"
"Updawwg","62835491","205","43"
"bookstore","62773633","48","365"
"ZUI-Multilanguage","63003123","53","12"
"website","62797723","186","26"
"squirrel-u","62735147","8","64"
"covalent-quickstart","63109726","10","18"
"data-analyst","63443131","16","6"
"angular-es","63199840","2293","420"
"angular-pt","63377116","1922","419"
"angular-fr","63256516","1914","410"
"llc-interactive-stories-and-game-making","63178459","66","38"
"make-your-own-microsite-without-spending-a-dime","63309152","27","6"
"plugin-site-api","63432005","165","54"
"avasdr","63150782","40","2377"
"rscraping-jsm-2016","63597228","17","1243"
"mr4ds","63598975","163","79"
"HadoopAndSparkDataStudy","63793256","49","16"
"r-bootcamp-2016","63634573","48","27"
"open_social","63693909","2767","286"
"webarch","63508140","119","402"
"homepage","63490990","133","196"
"chavesufba","63556247","99","900"
"cargocms","63765534","2628","1323"
"pairProgramming02","63465520","2","1"
"Font-Awesome-SVGs","64131447","1046","480"
"Syllabus","63966320","315","124"
"workshop-2016","63984887","97","2"
"sciencehack.in","64055106","81","14"
"datasets","64168779","26","3"
"deploy-on-day-1-web-0716","64139070","155","30"
"joule-code-samples","64490937","239","31"
"web-design-standards-docs","64315743","231","46"
"zynqnet","64389543","37","30"
"SFMedu","64278315","1","518"
"SESYNCBayes","64492671","122","25"
"GCS0401","64264526","24","39"
"-common-jquery-ejq.js","64857224","18","11"
"msan692","64880806","196","68"
"HTML5Course20160801","64627573","198","1304"
"clase-sistop-2017-01","64865239","868","130"
"GscLabBlockchainApp","65044318","61","10"
"SpringBootAdmin","64635997","44","4838"
"at-labs.github.io","64905074","190","44"
"angular-ja","65341357","2064","428"
"ppts_for_php2016","65183758","2","1"
"jrg-renwu7","65113796","730","1065"
"maps-showcase","65412081","237","17"
"angular-ko","65340369","2105","426"
"developer-day-workshop","65323368","61","7"
"front-end","65207107","93","48"
"webgl2-fundamentals","65725493","755","319"
"WeixinResource","65655168","89","8377"
"sd-dtu.github.io","65676753","43","14"
"2016fallcadp","65472466","99","155"
"LearnPython","65457162","166","361"
"weather-10kb","65948510","479","2"
"ArkGameFrame","65961170","48","1356"
"worlds2","66051292","51","8020"
"pogobot-builder","66085247","20","3"
"la-republica","65951073","26","13"
"clases_desarrollo_web","65949048","17","24"
"JavaScript201609","65802414","58","974"
"springboot_jwt_blog","65846793","2508","47"
"docs","66082000","261","38"
"academysubs","65912922","361","97"
"codehbs-official-homepage","66336268","115","38"
"Developing_Data_Products","66588129","5","19"
"blog","66553570","15","298"
"WebProgramming","66427994","104","67"
"datacarpentry_R_2016-08-23","66425553","469","36"
"web","66365736","207","3806"
"fall-2016","66221804","39","148"
"sim-city-bomb-squad","66204604","4","2"
"fullstack-course5","66777429","66","1145"
"1.0.0","66720339","31","1"
"Website","66661416","133","8"
"CG-214","66606056","128","23"
"CrimeDataAnalysis","66746480","52","13"
"assignments-2016H","66789299","62","10"
"web1-f16","66656126","95","151"
"31_Colaborativo","66962401","9","11"
"wooyun","66907564","36","19572"
"courses","67287985","73","6"
"Programming-and-computer-instruments","67314390","29","4"
"Security-Courseware","67226874","32","1"
"Curso2016-2017","67412339","1464","233"
"material","67123363","81","2"
"NecroBot","67599737","4535","280"
"pragmatist-service-worker","67862069","1","17"
"post--augmented-rnns","67550652","160","7"
"housing-insights","67749425","49","23"
"WCCI-FullTime-Fall2016","67476908","192","2"
"callisto-4","67504519","478","64"
"grupo1_septimo_nube","67727895","65","33"
"gdgcbe.github.io","67599532","348","54"
"classifieds","67634485","55","2861"
"pipelines_and_featureunions","68247514","9","4"
"persp-analysis","68129172","63","1"
"DC-2016-Online-Media","68102855","15","4"
"team_FivE-1","68037307","34","7"
"Topics","67956609","96","21"
"kosshack2016","68684246","390","1"
"week3","68436483","62","27"
"eictu","68490364","1246","225"
"2016fallcadpa","68668628","27","121"
"wba1-2016","68914477","3","203"
"intorust","69123594","89","23"
"heisen","69191758","90","165"
"ax5ui-quick-start","68811203","68","272"
"JJ_CAMP_Fundamental","69067250","109","57"
"sitekite","69041746","627","71"
"swd500","69112515","123","2097"
"acmwfullertonwebdev.github.oi","68958361","12","8"
"cda400","69157317","116","1106"
"roncoo-adminLTE","69228191","20","686"
"dsR","69355653","146","5652"
"week4","69334780","51","40"
"semanai","69372574","29","1"
"nodejs-fullstack-book","70031766","165","0"
"tecnoscience.github.io","69789020","10","120"
"hw03","69970002","36","85"
"HIT-BlueLine","70165535","55","23"
"seattle-301d14","70259765","457","41"
"tbc-db","70220579","854","1"
"HighFive","70252498","155","61"
"tiy-slc-fee-2016","70190456","111","9"
"visualize_logs","70608290","118","47"
"Linux-Notes","70909391","11","1"
"talks","71194771","97","18"
"morvanzhou.github.io","71243464","272","40"
"pro-angularjs","71287216","3","588"
"hackerschallenge2016","71029180","55","1"
"Anti-Anti-Spider","71762319","42","76"
"pokemon-team-planner","71740522","66","9"
"kbbi-qt","71753898","239","5"
"Datamatch-Archives","71752289","72","2"
"webCebem2Profe","71767172","1","1"
"webaudiofont","71990495","30","1916"
"enterpriseready","71968193","400","18"
"0711node","72081106","42","166"
"week-9-class-1","72356981","3","3"
"firstHackDallas-Submissions","72931528","63","8064"
"project-letter-","72938288","57","8"
"Exhaust-volume","72490566","95","528"
"openshift-compliance","73017378","89","77"
"Reserva","73140260","78","2121"
"Blue1647-App-Dev-Course","73323243","12","1"
"Anti-Anti-Spider","73654812","48","86"
"Template-IIM7","73829617","4","8"
"markup-task-7","73816866","5","1"
"bootstrap_tutorial","73481131","10","6"
"IFE","74036710","233","76"
"YB","73894345","24","33"
"EMITCamp","74110340","35","47"
"HiddenPlace","74114714","277","56"
"lectures","74049551","446","41"
"earthquakes","74454347","8","3"
"front-end","74540085","99","48"
"adoptaMeApp","74518775","3","3"
"deploy-on-day-1-web-1116","74978924","195","41"
"ClickHouse","60246359","8851","1614"
"tensorflow-opencl","60364166","11398","1371"
"bftrader","60338463","1","59"
"flvpusher","60165668","105","51"
"sdcv","60255100","76","7"
"uni10","60393710","637","70"
"cmsgemos","60338275","1763","56"
"simit","60823306","2582","141"
"android_device_xiaomi_kenzo","60565248","242","90"
"CaptainHook","60779142","33","2"
"OpenNPD","60836909","11","24"
"VB2016-sandbox-evasion","60847906","53","15"
"vulkan-basic-samples","60720637","5898","132"
"RayTracer","60841431","368","58"
"HLEnhanced","60706830","1116","541"
"RealOTX-7.72","60851608","83","75"
"android_device_oneplus_oneplus2","60652814","542","127"
"DD4hep","60682190","1723","476"
"my-very-deep-caffe","60684992","3605","232"
"tao-core","60737290","75","186"
"New-C3D-Caffe","60514503","3608","226"
"MoPCore5.4.8","60546220","57","2079"
"WoWCircle434","60544588","2714","1971"
"vcglib","61115594","5686","149"
"IDF","61216338","164","94"
"Climbing-Movement-Component","61233072","7","7"
"DeSmuME","60941417","6","540"
"qpcpp","61225331","46","485"
"objectContourDetector","60984429","12","393"
"hyperion.ng","61202664","1403","200"
"galaxy42","61117615","1304","58"
"HermesProject","61193833","175","63"
"rippled","60973620","10014","1096"
"Surround360","61581396","105","67"
"deepwater","61306284","382","258"
"Brayns","61363694","175","108"
"caffe-rfcn","61358177","3692","222"
"GhostMeshPlugin","61412459","8","5"
"grit-engine","61582149","1166","212"
"zed-slam","61277823","4","390"
"PX4Firmware","61327519","17537","570"
"VideoCompress","61349300","31","14"
"ShowTimeVideoLive","61707084","11","0"
"caffe","61870803","4607","281"
"Limitless","61750468","1848","696"
"deepcut-cnn","61657681","3561","221"
"biliobs","61712077","2","1835"
"DfUSMC","61839353","61","7"
"client-1","61635795","845","562"
"Barony","62115606","122","102"
"NesVoxel","62336133","81","22"
"FreeEngine","62156965","4","167"
"HyperLPR","62063598","17","7"
"OpenFOAM-4.x","62122886","1863","8"
"DeepLearningC","62312557","4","5"
"itseez-ss-2016-practice","62197371","92","8"
"gearmand","62223384","3065","30"
"reco-ntuples","62155325","43","1"
"Dhara","62024067","67","406"
"LargeVis","62624826","25","11"
"procfilter","62661285","72","45"
"obs-studio_amf-encoder-plugin","62490653","919","11"
"Motion-Mapping","62429818","112","17"
"ProcessHider","62556617","29","20"
"intelRSD","62615825","24","2420"
"win10_heap","62672723","11","24"
"Play-with-Algorithms","62659210","74","69"
"EasyCNN","62562352","70","18"
"UVa-Problems","62648689","22","1151"
"SummerSchool2016","62561845","60","113"
"terracoin","62456548","11329","339"
"cvclasses16","62642856","18","37"
"weex_v8core","62770802","13","1772"
"kaggle-Facebook-V","63005627","6","3"
"image_captioning","62813882","22","234"
"ArrayLSTM","62933017","24","0"
"MV-release","62939367","9","1"
"qpid-cpp","62698709","6631","739"
"lepton","63262178","809","19"
"GPUImageRtmpPush","63131439","4","0"
"OpenFaceIOS","63400057","18","12"
"ExtraCamWindow","63413774","9","3"
"deep-supervised-hashing-DSH","63030037","17","219"
"EasyIPCamera","63324889","67","99"
"SunWellCore","63189024","8","1610"
"PADs","63237332","147","674"
"HeliumRain","63629663","2957","150"
"caffe-recon-dec","63706159","3753","221"
"mars_city","63711405","921","232"
"GamePainter","63910654","1","21"
"proxyRepeater","64004325","83","4"
"COB","64134775","15","35"
"client-2","63981355","849","556"
"jetson-inference","64561753","111","19"
"moveit","64340188","5792","305"
"BlackHat2016","64976141","3","11"
"Caffe-ExcitationBP","64699069","3753","226"
"UE4VoxelTerrain","64878445","63","11"
"libsg","65109544","520","3768"
"CppArcadeGames","65104268","6","116"
"wiki","65194708","318","3"
"android_device_huawei_cherryk","65078788","47","8"
"Paddle","65711522","722","378"
"rgat","65586052","203","116"
"node-rdkafka","65489497","75","27"
"caffe-lowlevel","65507242","14","160"
"psvcd","65681419","36","15"
"NewNPCBots","65695623","5","1113"
"FaceDetection-ConvNet-3D","66168169","1","260"
"NMSExtender","65773765","78","29"
"Mesen","65958408","993","285"
"eleven","65810194","4","6"
"theforgottenserver-7.4","66097442","105","71"
"SSI2016-jet-clustering","66020447","33","90"
"phxsql","66848830","109","106"
"CEFWebkitBrowser","66812645","39","60"
"DBow3","66771797","53","12"
"device_lge_hammerhead","66713677","3494","51"
"datanet","67260357","27","841"
"iroha","67340575","896","42"
"HPC_FMI","67300347","38","29"
"AS.1405.OOPP.2","67365876","43","53"
"unrealcv","67727697","492","61"
"citra-bleeding-edge","67666592","4080","230"
"zcoin","67837600","79","144"
"unity_metadata_loader","67611170","55","2"
"sdm","67772525","5","5"
"Labrador","67556346","48","186"
"MK4duo","67724837","170","57"
"HSE_AI_Labs","68031215","94","54"
"android_device_xiaomi_armani","68325832","629","35"
"AimTux","68461018","1151","68"
"DM","68683613","29","935"
"VCSamples","68407095","24","6491"
"OrionUO","68417639","892","215"
"Maxwell","68847876","1","19"
"android_device_zuk_z2","69136215","8","97"
"zogminer","69328389","151","325"
"oneproxy-monitor","69220973","33","54"
"HopsonCraft","69732243","292","60"
"OverwatchCV","69810079","9","2"
"aural-fixation-v2","69928231","28","6"
"android_system_core","70076418","22015","476"
"neural-style-tf","70356386","194","3"
"arduino-esp32","70127218","92","35"
"fast-artistic-videos","70429003","38","2"
"Caffe_Code_Analysis","70368691","4","168"
"tensorflow-cl","70801311","9215","1241"
"nheqminer","71347028","141","54"
"WS548-v4","71179484","2","2100"
"Cossacks-back-to-war","71590628","1","159"
"UnrealEngine4-MixedReality","71747907","7","2"
"MPF","71603570","8","287"
"JadeCore4.3.4","71849711","1","2045"
"android_device_xiaomi_land","72287461","149","43"
"faceDetector","72281600","12","1"
"CPE810C_2016F_XDF","72297678","115","10"
"faust","72926839","4410","372"
"2captcha-api-examples","72724865","24","20"
"umich-quant","72777167","46","14"
"miles-deep","73598162","31","3"
"cktrader","73906627","10","867"
"unity_navmesh_for_java","73978318","5","34"
"LaserWeb3","60206172","496","93"
"the-redux-journey","60478248","1","15"
"car-lease-demo","60253546","433","1715"
"breaker","60192509","742","192"
"template","60222622","114","117"
"maker-market","60462847","256","57"
"CHIP-Docs","60208194","615","12"
"Roam","60209112","96","18"
"ChartsOnMap","60151739","4","957"
"someline-starter","60773023","269","1317"
"WebClient","60692320","1208","455"
"react-lego","60677214","64","42"
"pdfmake","60539786","435","68"
"copresence-vr","60814869","28","1057"
"blok","60879296","228","10"
"dao1901","60882920","182","44"
"9XD.github.io","60624866","128","426"
"nms","60755772","5","2731"
"ci_bootstrap_3_demo","60757001","271","2448"
"FBT","60488377","2","395"
"x-ctf-2016-finals","60877488","79","65"
"takeb1nzyto.space","60788433","37","16"
"GFW","60844100","14","3"
"Client-API","60636581","7","41"
"JS-DC-2","60803377","81","500"
"Roleplay-PS","60838921","11871","287"
"txappleseedmap","60660617","127","7"
"ankus","60828203","14","7269"
"icebox","60739687","727","72"
"gray-area-immersive-summer-2016","60824581","14","139"
"JPager.Net","60525972","6","27"
"InPlainSight","60706873","72","23"
"harvard.cs50.cat","60645723","182","1"
"goodbyeYall","60789536","1174","59"
"lambci","60991082","127","345"
"swip","60904803","212","19"
"HumanInput","60907774","314","624"
"crudbooster","61110134","397","921"
"react-audio-component","60913082","27","24"
"react-native-transformable-image","61190598","45","6"
"ubackup","60934828","21","1252"
"schema-registry-ui","60967444","156","20"
"humorsuz","61024635","18","4"
"NBAreact","61059482","178","25"
"hVideo","61192826","38","3"
"ife-task","61192855","255","129"
"angular2-typescript-recipe","60975466","25","16"
"HTML5Course20160612","61004914","143","1332"
"weixinshow","61198098","6","1077"
"test-frontEnd","61225124","10","3"
"slate","61412022","1305","676"
"ignite-ui","61560884","1557","413"
"goshop2","61428110","33","518"
"react-cnode","61434637","105","6"
"gestalt","61525122","151","95"
"mwt-ds","61458707","4718","178"
"AutoAMS","61557016","67","680"
"ios-rn-sdk","61508408","34","32028"
"JJ_CAMP","61276680","212","57"
"dragoman","61499865","134","9"
"vaani.server","61526299","111","13"
"school-meals","61499858","325","14"
"Open-AB","61392351","207","93"
"share_crow","61341012","495","65"
"Exosphere","61333060","106","2677"
"java-academy-2016","61461290","45","207"
"Werewolf","61653044","1103","994"
"marvel","61630334","101","37"
"Audioshield-PlayMusic","61665091","94","6"
"entropy","61601183","19","15"
"ng2-pdf-viewer","61661161","193","1025"
"rmp-segment","61730835","11","7"
"hackforgood-waba-map","61846251","200","5"
"etherdelta.github.io","61755239","182","31"
"discordbot","61961582","500","124"
"CSC309-Fall-2016.github.io","61649685","163","42"
"military-families","61856902","118","39"
"curso.nodejs.eduit","61843592","34","29"
"design","61664891","163","30"
"parity-ui","61940007","1392","429"
"AFQ-Browser","61830890","130","17"
"MEAN-STACK-BootcampJava0616","61820699","21","279"
"just","61969625","268","67"
"backstroke","62167585","336","68"
"NodeWk","61966967","12","360"
"react-native-gallery","62110043","60","6"
"react-native-dropdownalert","62021805","72","13425"
"smore","62202045","420","48"
"hLive","62105062","12","3"
"client","62234930","5643","210"
"webshowu","62297579","14","5221"
"marketing-api-samples","62191754","2","194"
"fancy-weather","62035310","6","9"
"seven-databases","62164432","92","38"
"shri-2016-css-js","62119814","16","4"
"FE-Learning","62037267","791","173"
"actor-web","62008988","659","272"
"galvanize-bookshelf","62077782","95","38"
"fruitoscopy","62298288","114","82"
"LibraryManagementSystem","62241033","12","59"
"aquarelle","62564394","32","4"
"QMUI_Web_Desktop","62635052","35","11"
"Blog","62388168","52","383"
"macaca-test-sample","62524537","18","3"
"pt-goodjob","62552116","14","171"
"Yii2-Plus","62614066","72","2439"
"deepstream.io-website","62478586","303","45"
"appBugph","62527168","4","520"
"feedback","62639356","79","9"
"nightHawkResponse","62714540","87","228"
"Sketch-to-VR","62731388","8","2"
"chromelens","62967050","133","26"
"dsw","62770579","290","31"
"vue-fullcalendar","62790563","54","12"
"globe-viewer","63019290","171","20"
"spark-js-sdk","62836827","1108","815"
"weex-devtool-iOS","62869550","45","211"
"echarts-doc","62783390","638","948"
"Greenfield","62835930","63","17"
"linuxihaa.github.io","62919709","187","354"
"fcc-offline-windows","62860666","26","149"
"recrutement2017","62718053","75","136"
"now-mobile","62921972","718","82"
"wmp","62719248","282","191"
"WDIConf","62774364","351","16"
"studio2-ui","62740051","1153","1545"
"sci","62846663","101","686"
"emoji-mart","63091815","147","23"
"developing-alexa-skills-solutions","63084027","18","21"
"gopherconbr.org","63268838","219","34"
"pokemongo","63306247","18","2"
"FRCNewTab","63198568","83","5"
"liveblog","63321011","106","12"
"teste-front-end-developer","63430983","29","3"
"Ch-041","63061067","617","63"
"pagman","63097962","341","729"
"qipr_approver","63101692","608","128"
"prep-app","63167592","757","56"
"seattle-javascript-401d8","63098728","136","721"
"Hotspot","63283699","404","27"
"eme","63537564","264","58"
"GitHubPopular","63615358","10","42"
"uoj","63619929","45","854"
"gravity.js","63733404","42","12"
"sunnybaby","63590081","11","112"
"mojs-curve-editor","63497163","93","34"
"react-native-demo-news","63479847","7","13"
"openwhyd","63590306","73","348"
"Pokemon-GO-Scanner","63550133","187","105"
"penjualan","63684292","4","2347"
"avz-run","63553371","1127","47"
"tasks","63773581","28","254"
"ember-preprints","63790282","1807","145"
"seattle-301n4","63554144","228","174"
"ThoughtWorks-XUPT2016-Programming","63590988","112","13"
"TcTube","63475479","104","52"
"js_quizz","63787287","3","2"
"task-6-be-presentable","63566442","7","42"
"shortiez","63730923","310","55"
"FlappyLearning","64085193","24","3"
"LaunchKit","64170263","22","452"
"roncoo-pay","63831271","107","971"
"Mister-Poster","64049116","44","26"
"griffin","64152586","219","284"
"react-native-tips","63912764","23","25"
"react-native-quickly","63908021","19","9"
"Asprov-Notes","63931654","8","21"
"sosoapi-web","63833606","13","351"
"OpenMDMServer","64096224","11","96"
"jhipster-document","63927792","1282","91"
"hikr","64148222","11","5"
"argon-aframe","64162502","54","38"
"FE-Study","64097775","174","317"
"meteor1.3plus-react-demos","63850633","46","342"
"ignite","64009693","108","48011"
"10979-MicrosoftAzureFundamentals","64154387","32","78"
"crowbar-ui","63954363","367","80"
"auction-app","63993010","10","24"
"TadPoll","63971192","21","13"
"react-native","64276762","6303","1314"
"GaGaMall","64476521","109","80"
"dal","64185596","132","801"
"necrobotvisualizer","64292993","178","12"
"PokeNurse","64352538","575","52"
"wireframe-world","64421328","20","4"
"wechat-dev-with-nodejs","64313903","127","702"
"PokemonGo-Web","64422840","190","3"
"PokeyPySnipe","64372219","16","274"
"blog-by-nodejs","64362489","15","176"
"Sirius","64270552","752","177"
"bootcamp","64559894","30","25818"
"courses","64201140","247","46"
"spring-boot-workshop-code-spring-one","64547125","38","67"
"iBonfire","64257728","571","58"
"sac","64393270","285","72"
"graphene-python.org","64372879","30","27"
"nuget-tutorials","64478891","18","40"
"motiv","64264389","326","113"
"Python-CosmicRay","64242816","109","13"
"Quest","64234381","147","13"
"lightgallery.js","64635494","51","23"
"uirecorder","64893263","75","16"
"cmdb","64652075","32","1293"
"laravel-5-myblog","64744871","122","6156"
"ionicPayDemo","64632520","31","89"
"hiveMetaMgr","64732465","23","1535"
"kettle-manager","64942049","3","458"
"info343-in-class","64902357","103","69"
"springboot-angularjs","64728409","74","63"
"AngularJS2","65012568","144","172"
"KitchenCoders","64862876","77","23"
"TeamUp","64666123","763","56"
"petFinder","64710106","88","12228"
"dashboard","64826994","495","4360"
"lets-hangout","64652759","560","55"
"user-service","64840197","340","747"
"ui","65215684","76","83"
"WebODM","65209477","189","167"
"Pcap-Analyzer","65401905","11","645"
"2016","65144581","41","59"
"ThinkInCoding","65377004","126","4625"
"ProgramLanguage","65252634","162","1285"
"getstorybook.io","65268942","56","62"
"ctf101-web","65354530","63","36"
"openui","65134445","7","12"
"prog","65225344","179","211"
"vr-ram","65155602","21","14"
"D4","65197581","18","184"
"D2","65373696","28","137"
"mmdcomic","65605421","7","67"
"react-native-BabyHealth-","65702075","33","30"
"Sheep-host","65579706","397","72"
"docs","65447356","1025","10"
"syllabus","65692416","138","30"
"materialize-map-template","65567720","154","17"
"freetravel","65463507","175","17"
"js-tooling-framework","65715550","168","297"
"C3","65441991","4","202"
"basic-angular-webpack-app","65743173","39","26"
"electrode-explorer","65948545","332","24"
"AdminBSBMaterialDesign","66080312","6","2859"
"react-native-redux-zhihudaily","66072680","31","47"
"22v","66080593","20","166"
"ionic-pwa-demos","66031147","17","3381"
"destore","65850264","521","61"
"dominus","65944331","13","628"
"summit-training-classes","65921397","120","182"
"rocket","65785575","929","11"
"2016-dataviscourse-homework","65830424","36","16"
"KapyGroup","66116257","86","117"
"jet-docker","65969114","2","2525"
"a-painter","66353254","250","28"
"A2Z-F16","66396332","72","1870"
"chronograf","66506962","1085","264"
"islandBeauty","66434449","27","6"
"SQuAD-explorer","66346289","101","7"
"little-cli-game","66300210","23","5"
"multiplataforma","66588872","46","2"
"intro-react-bkk-1.0.0","66498199","12","7"
"quick4j","66425474","43","1072"
"xqsight","66277985","61","1038"
"TrademarkStatusApp","66382037","34","85"
"Fall16","66474052","21","10"
"NewCodesOnTheBlock","66516830","203","12"
"Omakase","66507016","224","40"
"dext","66712801","206","77"
"sCalc","66896914","8","9"
"vue-chess","66879726","4","70"
"NFine","66836596","3","240"
"lns","66633387","27","194"
"infovis-ucas","66748083","87","42"
"mipt-algo-2016","66865468","63","58"
"restaurant-server","66817585","10","77"
"ednode2016","66861841","16","395"
"sefp","66752784","46","12"
"localmocos","66793934","511","55"
"chat","66702723","170","21"
"edX-DEV217x-DevOps","66642381","215","127"
"react-draft-wysiwyg","67361765","152","82"
"EgerPro","67200202","4","123"
"ThermOS","67239409","47","24"
"delivery-admin","67347578","22","125"
"larabase-lite","67186033","20","771"
"BoxHackDay","67380763","10","989"
"explorer","67308098","4","14729"
"feedback","67223605","205","218"
"int3117-2016","67395185","1673","4154"
"decodemtl-main","67152571","266","89"
"interns-portal","67196668","225","220"
"karsha_price-pattern","67201518","301","54"
"aulaConocimiento","67174942","229","652"
"Noon","67363656","68","989"
"bic2cal","67373855","69","490"
"draw.io","67508428","70","205"
"PiPifier","67505462","54","1"
"electrode-electrify","67560176","68","31"
"Piano-Flow","67849389","19","58"
"Twitter","67538946","28","24"
"nodebeats","67616749","62","768"
"queuetube","67542991","17","4"
"serverless-screenshot","67530146","50","3"
"Ladmin","67503754","207","951"
"forge-boilers.nodejs","67623548","92","202"
"react-native-video-player","67632151","30","6"
"bred","67756286","86","24"
"angular-audio-player-html5-es6","67854228","21","11"
"CIS420","67639446","210","171"
"seattle-201n6","67634736","49","19"
"cnodejs","67934264","91","48"
"VisualUIEditor","68166677","77","449"
"fabric-boilerplate","68103219","46","35"
"full_stack_demos","67935186","13","493"
"SDK-Demo","68118615","60","1521"
"LegendShop","68284401","15","67"
"academicpages.github.io","68287594","123","66"
"hyperledger-hackathon","68194261","91","5"
"core-cli","68117425","163","25"
"SmartChair","68106618","309","305"
"CV-APP","67985583","77","147"
"portland-301d6","68031432","448","43"
"seattle-301d12","68028504","445","41"
"Winds","68627122","430","150"
"PFWebViewController","68687738","37","3"
"aude-project-manage-system","68703812","11","5839"
"calendar","68362560","1652","177"
"drawthe.net","68706944","126","64"
"Typografie-programmieren","68757147","267","20"
"giggs","68420488","590","76"
"seattle_201d15","68578332","49","28"
"software_engineering_2016","68683610","3144","4302"
"jintou-backend","68525936","126","1783"
"TsunamiPS","68487240","12165","247"
"SpacialGaze","68718952","12295","288"
"gulp-builder-dz1","68416074","5","18"
"weapp-demo","69054457","58","13"
"NativeBase-KitchenSink","69032698","63","74"
"CBoard","68799489","219","696"
"zing-gallery","68944687","30","22"
"ng2-campusmadrid","69195472","3","173"
"jupyter_server","68849978","9487","237"
"TIY-FEE-September-2016","69120942","45","284"
"Yishuwang","69019004","161","77"
"131-web","68884696","129","41"
"jeeplus","68781341","11","1178"
"github-audio","69658054","115","4"
"sb","69394429","154","52"
"WeApp","69234466","49","17"
"yingping_rn","69422953","12","115"
"weapp-artand","69688080","13","10"
"leaflet.extras","69280157","73","71"
"foodie-webserver","69531249","3","1107"
"Django-AngularJS","69496492","45","171"
"crescer-2016-2","69257233","160","538"
"creator-docs","69218236","91","13"
"seduc-concursos-start","69502008","6","2877"
"turkey","69548835","267","936"
"big_bug","69661367","84","33"
"meleelight","69923564","310","607"
"OpenBrews","69751786","234","49"
"PhantomExo","69866283","26","1"
"mean_mytasklist","69773673","1","6237"
"Screeps-LoAN","69722894","203","49"
"base","70092681","11","915"
"Jabber","70016451","321","88"
"proyectoUSI","70007091","142","494"
"osd-microservices-apps","69873239","126","95"
"tpAdmin","70341543","58","1385"
"BearDiary","70252102","20","11"
"BS","70289953","7","10"
"Rental","70337112","46","11"
"WeChatMeiZhi","70173472","12","5"
"jfinal_cms","70437724","237","1014"
"Red-Herrings","70406586","26","47"
"beer-machine","70956769","16","23"
"NuclearOS-Winter-Tiger","70670153","52","3525"
"gamepiece-json","70747145","390","2"
"my-vote-matters","71006080","198","7"
"shave","71402554","80","7"
"react-native_toiletApp","71247742","61","1067"
"TokenSign","71222330","2","28"
"Youtube","71059524","3","18"
"react-native-paper","71323749","144","62"
"javascript101","71035510","28","50"
"greenfield","71411109","202","31"
"okpluto","71406438","450","12"
"hrr19-athena","71418203","236","27"
"presenterBot","71808003","10","96"
"forkeshop","71754735","4","839"
"node-express-angular-order-booking","72232531","11","4821"
"Hall-Management-App-Laravel","72267166","11","596"
"tinker-manager","72822347","139","81"
"JueJinClient","72528763","105","41"
"TheHive","72767327","72","334"
"MilkDeliveryLaravel","72946217","175","1190"
"share-analytics","72879417","105","85"
"-International-exchange-student-management-system-based-on-WeChat","72489444","34","170"
"okplutoMobile","72776431","132","33"
"bat","72930494","583","36"
"TooNote","73134681","218","27"
"ShaojieLiu.github.io","73426688","91","16"
"thepoliticalrev.org","73407698","540","31"
"Angular2MEANStack","73409347","1","7690"
"discord-bot","73140527","159","2882"
"ionic2-places","73066432","8","3"
"GESPRO_PracticaGestionCodigo","73406384","3","27"
"mini-hackathon-livemap","73027093","91","51"
"laravel5.3-admin","73451404","29","1343"
"CacheMoneyApp","73503476","361","30"
"cwdr","73541569","61","118"
"webed","74228404","19","923"
"Tom-Bradys-Zombie-Apocalypse","74197122","164","6"
"IslandTrading","73985625","123","749"
"react-native-card-modal","74544308","15","3"
"ml4a-invisible-cities","74752720","19","11"
"echarts-examples","74561211","8","911"
"MuiApp","74440321","9","29"
"kosta136th_7team_final","74557643","18","76"
"FRA241group8","74771420","97","6617"
"react-native-magazine-listview","74813104","4","3"
"SugarSite","74876309","193","200"
"whatcat","74861557","19","11"
"Workshop.Microservices","60376623","98","887"
"kursovProekt","60472114","2","49"
"GroupDocs.Search-for-.NET","60168693","70","62"
"CurveModifier","60658251","11","10"
"Cognitive-Samples-IntelligentKiosk","60792909","66","50"
"Konstruction","60569034","35","20"
"Elobuddy-TRAdana-Translator","60769739","21","1889"
"unity-themes","60968115","28","76"
"smarter-apps","61157227","18","247"
"MailSystem.NET","61037223","176","631"
"HeadlessOverlayToolkit","60900272","50","23"
"Brimstone","60977661","725","1298"
"MeteoInfoMap_CSharp","61001531","5","232"
"Telerik","60906467","181","1832"
"NeuronAnimator","61560352","19","17"
"bridge.lua","61418507","223","1053"
"simple-1c","61479227","342","243"
"X","61725497","5707","839"
"XamarinAzure_ShoppingDemoApp","61839151","19","124"
"Weiz.TaskManager","61765668","25","154"
"unity-scene-web-exporter","61807409","47","95"
"GameCloud.Orleans","61734673","119","1091"
"NewLife.CMX","61926630","717","280"
"learn-azure","61829717","59","947"
"IdentityFeatures","61926609","2","74"
"OpenVRTwitchChat","62184040","32","45"
"WinHue3","62087267","72","284"
"CoreCodeCamp","62007567","125","112"
"symstore","62252204","82","77"
"SevenKnightsAI","62014694","51","143"
"HoloLensBot","62256823","32","30"
"ee_client","62077300","164","111"
"Caf.CMS","62441584","15","3409"
"LeagueSharp","62668047","159","81"
"Facepunch.Steamworks","62737176","216","98"
"develop-mobile-apps-with-csharp-and-azure","62688846","265","224"
"PortalCMS","62995749","471","249"
"Port","62858099","168","970"
"PortAIOv1","63409990","198","1894"
"Unity-Solar-System-Sample","63416490","11","6"
"USDXAzureHOL","63271225","47","9"
"OpenVRDesktopDisplayPortal","63717936","79","92"
"MahApps.Metro.IconPacks","63507417","63","77"
"UnityResourceMgr","63466617","353","276"
"dx12-game-programming","63585576","93","164"
"Honorbuddy-Quest-Behaviors","63529386","978","250"
"gitprint","63745062","10","12"
"RocketBot","63838735","534","160"
"PokemoGoBot-GottaCatchEmAll","63832360","294","315"
"pokeclone","63825935","23","18"
"MarkWord","63881318","14","41"
"ViessmannUniversityCooperation","64120662","46","258"
"PokeBot2","63974914","10","39"
"server-2","63981426","210","62"
"ThreeDScans","64479360","7","12"
"Pokemon-GO-Rare-Pokemon-Hunting-Farming-Bot","64541400","1676","146"
"ScreenToGif","64713769","183","278"
"InteractionEngine101","64960938","7","167"
"winform.controls","64716763","5","405"
"PortAIO-v2","64727546","353","6778"
"High-Quality-Code-Part-1","64940446","32","32"
"NecroBot.GUI","65418362","49","11"
"58HouseSearch","65112297","97","123"
"MapzenGo","65092818","163","298"
"MySqlSugar","65130224","415","77"
"HoloBot","65419978","25","183"
"SharpBrowser","65129827","17","22"
"discord-bot-pogobot","65321253","85","561"
"LayIM_NetClient","65706194","87","113"
"PoGo","65663167","101","356"
"nunit-console","65734036","2718","217"
"tango-basic","65585593","3","74"
"ProjectPorcupine","65837532","879","251"
"Noisette-Obfuscator","66063516","35","378"
"WeezBot","66018431","13","43"
"Dev-Days-HOL","66001024","119","367"
"angular_for_enterprise","66017744","12","1671"
"Unoffical-Campus-App","65970523","18","57"
"KvantWig","66373593","34","30"
"lahthaNews","66308843","10","76"
"ProgramacionAvanzada2016","66239891","79","47"
"market-data-analysis","66529979","77","78"
"osu-framework","66614524","1580","248"
"CS-421","66944868","32","98"
"SourceCodeRepo","67434173","57","1004"
"Games120_Fall_2016","67541042","29","52"
"NoxxDev-necrobot","67608212","3573","232"
"ZeroFormatter","67928192","207","171"
"roboinstruct-1","68409211","35","78"
"Windows-appsample-coloringbook","68752275","5","13"
"ContosoInsurance","68555659","82","142"
"rpiShields","68894948","164","25"
"TQVaultAE","69184598","33","92"
"Jr2016","68925458","88","223"
"google-play-game-service-unity-plugin","69523623","11","14"
"azure-camp-sep","69240699","29","92"
"sales","69690859","47","94"
"purchases","69690998","41","48"
"PSSC-2016-2017","69491199","13","18"
"HoloATC_Demo","70080118","17","195"
"VGDC_TheLastRobot","69831408","297","25"
"PostProcessing","70460785","79","72"
"Phantom","70317870","34","213"
"OSGi.NET","70375823","12","1259"
"ZooGame","70128784","92","107"
"SabreCSG","70920007","5","99"
"Design-Patterns","70615974","13","597"
"edX_DAT215x_Microsoft_SQL_Database_Development","70617601","122","4"
"TinyERP","71363972","7","1754"
"EvoNet","71108477","87","36"
"ImageSharp","72174164","2664","355"
"PSVRFramework","72296923","46","1060"
"DiplomadoXamarinEAV","72661279","2","95"
"HesaElobuddy","72783768","191","182"
"Rad301ClubsV1","73295510","8","59"
"CodingChallenge","73217800","1","14"
"2016-Phase-2","73599477","114","118"
"Training","73976321","6","419"
"Minimap-Sound-Project","74510818","2","12"
"weibo","60268543","43","104"
"RealmSearchView","60260568","8","6"
"Makinolas","60442659","346","203"
"android-meet-in-the-middle","60437613","426","42"
"EjbTutorials","60448698","13","58"
"TalkAndPlay","60765734","161","81"
"RNWeChatDemo","61216133","3","24"
"MvpDemo","61276356","25","50"
"OHMS","61566208","51","598"
"SimpleReader","61559254","41","45"
"AionLightning-4.9","61260564","59","5253"
"SkillStack","61472303","43","22"
"Muzesto","61810967","1","157"
"android_packages_apps_SnapdragonCamera","61888139","7978","239"
"Good-Dynamics-Android-Samples","61902880","12","25"
"Project-4-Mobiel","61796866","26","108"
"PhysicianExam","61968448","3","49"
"FreedomOpMod","62074642","65","189"
"cloudxlab","62559026","35","7"
"GizOpenSource_AppKit_Android","62386563","21","53"
"webBigProject","62597408","16","34"
"android-udacity-reviews","62694727","134","32"
"AgriculturalApp","62711448","94","42"
"WeGo","62802383","225","46"
"IronSound","62835351","159","16654"
"wayblazer","62956575","41","20"
"Android-Clean-Architecture","63043028","33","63"
"MaterialDesign","63035199","7","27"
"InstitueManagementSystem","63148874","121","143"
"Book","63046251","21","17"
"City-Guide-Pro","63620994","12","49"
"marketDirect","63711289","462","14897"
"WustWXY2","63537903","30","83"
"temis-api","64080578","111","45"
"spark-ml-samples","64004644","16","41"
"AdsSearch","63917402","117","13702"
"IVTool","64201143","18","5"
"s1p2016-lab","64344614","48","16"
"Android-CropView","64913479","8","19"
"SwipeBackExample","64741711","16","11"
"FlyVideoForAndroid","65040578","3","42"
"ReIntelligentKitchen","65018667","12","131"
"PokeScannerBackup","64850851","116","68"
"ssa4week-twitter","65021240","16","19"
"jjdxm_pililive","65301890","7","137"
"XPlayer","65283962","88","169"
"weex-quick-start","65355043","23","7"
"java-debugging","65416961","52","12"
"appPonto","65409831","30","1275"
"bestpay_repository","65459359","35","46"
"SpringMVC_Spring_Mybatis","65547500","5","33"
"PlantNurse","65597074","274","116"
"AudioPlayer","65571943","7","10"
"SeleniumCucumber","65663376","26","40"
"DragScrollDetailsLayout","65996933","21","13"
"WeChat-Du","65979210","5","488"
"MediaCompressor","65775111","58","14"
"gwt-material-demo-errai","66228724","134","154"
"sts_160822","66260329","70","67"
"AskDevoxx","66584479","6","6"
"Projeto-Flash","66648340","337","45"
"TechFamGitHub","66796720","210","6"
"MusicPlay","67279836","35","33"
"springBoot","67180677","20","31"
"zjdroid","67681705","2","680"
"CS3343-Group-19","67759057","67","14"
"kaist_cs482_2016_team2","67601643","89","46"
"MaterialFBook","68052939","35","23"
"photoselect","68186659","4","22"
"SWAT-Kats","67958177","314","124"
"matriculeMe","68469946","101","82"
"RoboAlegria","68655114","20","31"
"Icebreakers","68638895","318","21"
"ReactNativeWithNativeApp","69079212","1","24342"
"iMetrica","68902679","6","66"
"SuperAlarm","69019140","175","89"
"AxohGame","68830905","42","37"
"Devfest-Android-16","69269297","147","76"
"DavidNBA","69627687","4","439"
"PPT","69328611","21","1"
"pc5s","70312097","6","160"
"wcci-fulltime-fall2016-cbus","70447662","136","3"
"phpinspectionsea","70994988","1525","591"
"FTCRobotCode","70599166","30","287"
"Calorie-Counter","70648425","119","18"
"LateNight","71219038","91","99"
"TicTacToe","71333865","11","3"
"Internet-Search-Engine","71108397","38","0"
"BeautifulWords","71551221","56","86"
"RedBook","71549717","5","17"
"RookieGuide","71765089","13","12"
"javaone2016","72210905","4","110"
"ADFGX_Cloud_Solver","72007725","16","103"
"ui-lab","72583446","134","30"
"ShootingSpaceShip","73680948","24","46"
"ssm2","74199616","3","32"
"MyTTNC2016","74278529","19","39"
"RMDemo","74308146","26","33"
"Du-an-1","74113284","149","648"
"XCVideoCompressor","74316564","5","17"
"RemoteRepoForTestReservationB","74644422","17","15"
"RemoteRepoForTestReservationA","74654306","17","14"
"CamEvent-Demo","74695437","5","41"
"pleasetakecareofmyplant","60309541","110","14"
"Python-Projects","60364074","40","27"
"adel","60274986","871","164"
"Learning-Python-for-Forensics","60173644","9","65"
"porte42","61030249","42","3"
"RoboISM-Running","60953966","6","1566"
"WHP","61448557","4","3"
"luscan-devel","61525074","15","1307"
"deeplearning","61539327","4","1"
"hp-word-model","62122422","4","4"
"toyCarIRL","62475428","22","8"
"thermo","62404647","90","70"
"Maybe-Useful-Cogs","62844345","214","5"
"megamenu","63012200","12","3"
"PennyBot","63023441","19","8"
"address-matching-data","63161488","70","14"
"anichoochoo","63035896","29","1"
"Tensorflow_Test","63399944","2","17"
"Sqlmap_Everywhere","63518846","24","793"
"zazzie","63814738","277","249"
"philo2vec","64703555","8","4"
"cyclope","64693437","1752","810"
"tutorial-client","64984176","126","61"
"dojo-aug-python","64865059","66","2546"
"cft","64775161","130","185"
"head-pose-estimation-and-face-landmark","65270177","1","2"
"q2-dada2","65170702","30","5"
"interests","65484966","185","15"
"orange3-recommendation","65821287","341","49"
"2016-17","65952771","41","68"
"mysql_streamer","66398331","1053","105"
"hkbu-benchmark","66865650","12","21"
"bytecup","66715598","14","16"
"deep-learning-benchmarks","67810396","310","48"
"september_Py","67517120","105","7709"
"oyente","68220443","183","15"
"GelReportModels","68630193","262","60"
"ToolBox-AlgorithmicMusic","68646292","1","1"
"cs207project","68657402","175","36"
"auvsi-targets","69133708","11","10"
"Fast-Neural-Style","69589154","24","6"
"HoverSpace","69424031","187","37"
"svobodneslovniky","69758169","65","1"
"Powered-Arm","69718915","1","4"
"animedb","70599853","175","0"
"ome-model","71362029","3544","185"
"malmomo","73350566","89","18"
"16-2-OSS-D","73068189","27","2"
"FRRN","74506652","13","16"
"FishChatServer2","60144029","159","98"
"botnet","60429358","65","7"
"MIT-6.824-2016","61432074","39","72"
"grootfs","63871881","322","137"
"docker-workshop","64683720","48","3453"
"softserve-go-bootcamp-materials","67499064","28","21"
"cc-commercialpaper","68228972","9","1"
"critical-css-boilerplate","60279385","31","7"
"Gerador-De-Certificados","60299824","10","342"
"House-of-Diamante","60401765","33","237"
"shopping-cart","61522861","65","83"
"igsis_bkp","61558568","96","2143"
"tainacan","61739532","626","1592"
"we7","61677885","25","2223"
"ylcsale","63230168","2","693"
"php_tesis_ajax","63349416","38","303"
"loklak_wp_plugins","64299564","64","3967"
"xoa","64803934","80","2077"
"Watchful.li-sitelist","65544059","81","218"
"baltazare-test","65885993","2","3828"
"TVShow","67530618","109","12"
"edamoll","70135291","24","13510"
"wordpress-annonces-h3G2","70781165","19","1203"
"podelis","70819455","165","66"
"intern_supersport","70725437","3","9371"
"zammad.org","71283382","183","349"
"potensi_angin","72212804","2","433"
"HBL","73692024","65","1471"
"progfun1-code","64127725","30","5"
"spark-docs","65106563","34","3532"
"Spark-MLlib-Twitter-Sentiment-Analysis","65991536","13","16"
"sparkTeach","71215697","65","7"
"RecurrentFlowNet","60816589","33","123"
"AndroidKernelExploitationPlayground","61024208","90","35"
"YUVDroidTools","61945797","5","6"
"HiPay","61610231","23","0"
"iOSH264PlayDemo","62023780","2","0"
"digital-pid-classroom-demo","62091144","2","2"
"qball","62180867","324","1"
"Phoenix","62291017","308","129"
"2016_XDECA_SOC","62437380","6","36"
"umineko-question","62870075","102","8"
"STM32","62769113","2","1179"
"openwrt-k2","63321354","477","706"
"microprofile","64752052","423","30"
"reeme","65289714","258","20"
"TCP_Flooding_IP_SPoofing","65639331","7","3"
"RTMPServer","65731656","3","1"
"CANBadger","66211484","7","123"
"AIComposer","66689251","19","47"
"yz_swoole","67275923","8","246"
"ios_20160905","67380634","4","0"
"xv6-public-fall2016","67743861","957","49"
"hostapd-mana-openwrt","68382854","17","1"
"Clase22-FreeRTOS","68916692","7","134"
"android_device_letv_msm8994","69085674","5","20"
"etsinf3","69337287","120","141"
"RIOTNerf","69330254","57","374"
"midi_band","70378312","62","52"
"azure-iot-sdk-c","70934373","1876","255"
"device_leeco_x2","72381033","315","115"
"programa-electoral-podemos-26j","60174561","42","2444"
"coursera-angular-js","60368044","32","9777"
"fewd-den-01","60211308","53","118"
"biohazard4050.org","60343519","305","19"
"mchti","60336670","185","817"
"mooc","60283026","49","923"
"glue-template","60653931","223","128"
"OSF_meetings_ember","60700971","553","119"
"PlotDocs.jl","60493810","106","43"
"betatheorex.github.io","60980919","79","37"
"tedxsnu_homepage","61487492","39","25"
"pdf-browser-viewer","61958158","15","4"
"cheetah_study","61705429","172","33"
"portland-201n3","61971283","30","41"
"webhelp-element-polymer","62454169","4","23913"
"MovieCommentSystem","62526521","94","19"
"codelabs","63276663","152","838"
"goto","63344703","166","39"
"egovernment.github.io","63228570","720","70"
"al-wires","63088347","18","19"
"declarativewidgets_explorer","63616998","145","8"
"ClassYearbook","63800724","96","4"
"FEWD-DC-26","64244110","40","217"
"gdgwebsite","64211330","31","12"
"healthhack2016website","64538039","179","24"
"llc-interactive-stories-and-game-making-FR","64341364","18","39"
"frontend-test-all-the-way","65030739","34","19"
"portal-minimum","65047225","342","31"
"QDAC3","64894666","8","3261"
"demo1","64801970","381","7"
"PS4-Playground-3.55","65254340","22","25"
"sparkDemos","65096624","110","21"
"R272Samples","65200984","51","6"
"react-cn","65131671","22","105"
"uav-development.github.io","65452280","35","6"
"www","65674219","82","52"
"onlineask","65779727","761","10"
"tengio.com","65989370","96","32"
"naucse.python.cz","66144421","245","41"
"2016-aug-nonmodel-rnaseq","66040995","231","9"
"show_watchdog","66218942","61","16"
"8470-Secure-web-app-development","66308327","55","3"
"azure-mesos-pokemon","66920508","39","11"
"31_proyectoColavorativo","66962048","11","13"
"Groupe_SVG","66645607","156","22"
"ruby-project","67191696","10","13"
"www.webshell.pub","67335902","54","17"
"somul-project.github.io","67812098","95","6600"
"mapion-vector","68262835","4","4"
"wcifx-frontend","68241595","115","3"
"CS340","68044120","573","647"
"prez_git_intro","68151556","13","1"
"truffleframework.github.io","68246351","128","42"
"pvli2017","68603939","187","86"
"SwissMSPWebsite","68425116","21","1"
"Educive-laravel","68628739","81","784"
"Fall16-Team27","68945769","28","9"
"GameShow","69323910","239","196"
"trilha-frontend","69701011","24","21"
"tts_class","70110741","47","25"
"devtools-demos","70917862","13","1"
"2016-metagenomics-sio","70592368","136","14"
"flow","71726282","10","1"
"kosta136th_7team_1","72081056","150","265"
"FarmShare","72299340","168","23"
"ProjectManagement","72569601","43","3136"
"LawFirm","73366365","586","16"
"oneops.github.io","73817605","98","49"
"gruppe13","73691094","124","9"
"marketing-online-hieu-qua","73774640","162","27"
"competition","73463594","34","2"
"tw-tech-contest","74360489","22","13"
"wgtf","60320387","10","587"
"osuAutoBot","60173843","10","1"
"android_art","60331294","26505","733"
"QuantSystem","60167806","1","33"
"elements","60856340","116","164"
"ovrlipsync-example","60807846","6","11"
"fonder_thesis-2016","60692377","15","709"
"My_mxnet","60489840","4015","177"
"paass","60733574","1159","140"
"EventEntityExtractor","60916553","11","30"
"paa","61059687","39","31"
"Dockerfiles","60897462","71","0"
"redeye_sim","61339157","13","236"
"ArcEmu_MoP","61423482","72","639"
"Midi-Unreal","61510546","122","60"
"MABE","61789626","71","48"
"Self-Made-Projects","62543129","243","90"
"platform_frameworks_native","62486752","55459","427"
"VRUMGPlugin-ExampleProject","62987128","4","9"
"android_device_google_shamrock","62870436","471","53"
"AirRide_Gameshoow","63030888","333","51"
"FoamFarmActivity","63714345","28","1"
"Giraffe","63952870","129","54"
"Fake-AntiVirus","63879168","4","2"
"whats-the-point1","64024833","68","186"
"LSTM-CF","64019426","2915","177"
"DeSmuME-Vita","64719154","10","540"
"duo3d_driver","64622337","11","1"
"UT-Garg-EE382C-EE361C-Multicore","65474652","16","249"
"05_TestingGrounds","65730336","71","11"
"android_device_samsung_gprimeltexx","65603911","314","2"
"TAN","65836265","8","110"
"ValveGen","65854293","18","5"
"MeshWidgets","66622964","5","9"
"MachinaPlays","66908579","16","16"
"APM_OcPoC_Cyclone","66980498","23876","811"
"spacescape","67383109","29","78"
"SeetaFace4Android","68306309","6","15"
"pesobit-source","68873745","5","116"
"GameLift","69302494","14","46"
"Hydra","69450880","50","4"
"WritePad-Handwriting-Recognition-Engine","69499843","8","153"
"ECCV2016","70203940","3294","220"
"android_device_nubia_nx531j","70903191","113","102"
"B8204-Repository","71055391","18","16"
"GBmu","71890414","437","14"
"hmodel-cpp-public","72197386","2","50"
"android_device_xiaomi_hydrogen","72494672","34","91"
"litecore-litecoin","72981406","11458","345"
"DSO","73710585","4","156"
"ml4a-demos","60142553","6","37"
"aframe-video-controls","60384937","36","8"
"bizsitegenie","60419514","40","1155"
"permit-server","60430589","160","10"
"Holdthedoors","60361644","35","218"
"snapshot","60869117","14","18"
"OverwatchCounters","60648348","17","5"
"webdemo","60677751","47","5226"
"WeChat_PublicAccountPay","60513203","3","537"
"potentPotables","60742230","426","59"
"MIUI8-XML-DUTCH","60928459","2372","1"
"momento","61232755","168","60"
"Cwic","60965801","1639","59"
"Constellation","60933851","103","12395"
"awesome","61340235","7","13"
"storymap-crowdsource","61300434","305","156"
"FrontEnd-Auth-Service","61320263","259","103"
"eAccount","61369189","22","4390"
"infosys222","61587152","145","89"
"werewolves_frontend","61286209","65","183"
"hello","61329922","305","2049"
"FromJS","61711658","1227","144"
"Web-Template","61611751","77","21"
"Polymer_training","61827644","72","16504"
"cache","61635531","36","33"
"workshop-example","61725943","88","28"
"minor-miner","62413608","43","14"
"someline-starter-demo","62443186","9","1329"
"servidor-web-pi","62660400","1374","27"
"navigator","62640972","2","279"
"scrivito_example_app","62889309","7","7"
"WishBringers","63009646","28","264"
"wayblazerhackathon","62926326","115","7"
"JFinal-shop","62997604","27","431"
"capture","63302528","1","2"
"esteem","63218416","280","34"
"play-docker-images","63306739","28","57"
"cms","63144033","41","748"
"usedgov.github.io","63269344","244","57"
"refazer4education","63262905","264","1243"
"Synth","63294012","251","32"
"Battlenuggets","63272559","325","40"
"Laravel-Crawler","63476042","14","2584"
"notman-entrance-dashboard","63487999","141","21"
"admin","63583180","86","871"
"Mosey","63702115","569","11922"
"compokemon-go","63993485","47","9275"
"blindinterview-web-client","63862657","25","2262"
"project","63882535","156","296"
"aplicativo","63974547","1","36"
"protein-viewer","63969795","59","9"
"pvdHack","64022621","49","4"
"colluder","64568516","55","7"
"pokemon-map","64566021","89","109"
"clouds","64543654","32","1"
"G2-demo","64448118","8","5"
"SpaceBirds","64254854","299","714"
"mentor-me","64496932","331","100"
"jobplus","64421734","1092","56"
"e2e","64561651","322","1433"
"appcan-test-report","64206913","364","207"
"azure-iot-sdks-preview","64692466","3360","1032"
"WorldWeather","64973056","229","390"
"SocializeNow","64887812","515","71"
"ar.js","64889609","4","62"
"web3.js","64656830","1265","168"
"Reddi2Mingle","64961923","469","33"
"twitterclone","65019394","54","61"
"photos.daneden.me","65263565","33","8"
"frontend-ui-scheduleplanner","65359454","7","2"
"miragejs","65577153","367","26"
"sombra","65524840","85","2"
"portland-201d5","65578568","120","36"
"webvrdemo.github.io","65704926","2","234"
"eden_mobile","65546642","80","110"
"quench","65591171","118","16"
"neco-sudavi","65759792","176","729"
"front-end-demos","65804653","68","107"
"golgi","65980628","10","620"
"jquery-mosaic","66012030","21","13"
"first-2pmall","65799745","416","5336"
"angular-1-redux-starter","66492236","2","12337"
"blargbot","66413683","664","170"
"LiteMol","66364207","123","64"
"photo-share","66211245","17","19"
"CodeForBrasilia_Website","66504302","76","15"
"yce-frontend","66188854","491","144"
"Proyecto_SAG","66430552","60","149"
"Meet.ly","66497044","165","54"
"debate-bingo","66694900","143","13"
"d15-movie-history-reel-good-team","66652041","58","10"
"wdi_conf","66916094","257","54"
"Coffee-Slice","67189769","65","5"
"CodeBot","67271890","41","8"
"vue-map-dragger","67355001","6","7"
"HIT-Friends-Social-Analysis","67395946","88","180"
"swdestinydb","67122963","483","163"
"javascript","67321169","86","118"
"swen344project","67237888","78","19"
"cordlr","67635993","119","3"
"juliasilge.github.io","67646487","33","41"
"REST_lecture","67709000","1799","39"
"Microsoft.Web.Graph.CloudService","67725712","93","97"
"angular2-webpack2-dotnet-starter","68119197","71","140"
"Slacker","68321460","17","23"
"Breathe-With-Me","68023972","742","35"
"firewalla","67943756","193","107"
"Dough","68135599","121","31"
"TM-CRM_ERP","68049638","90","3320"
"wikicraft","68186710","107","820"
"icyLegacy","68131477","285","15"
"SouthWeekend","68692617","3","39"
"socialfiber","68420265","684","99"
"ControldeCambios","68734070","235","109"
"Master-Sandwich","68758507","512","74"
"wechallenge","68761113","495","63"
"Final-Project","68629387","61","116"
"react-native-joke","68805995","11","14"
"serverless-delivery-framework","68790426","54","20"
"my-music-player","69019681","10","6"
"streetlight","69118054","289","40"
"Revolutionary-Eels","69067765","455","26"
"SquirrelDesktopApp","68982518","96","270"
"Complete","69414346","122","68"
"ConnectingSchools","69686963","6","46"
"vagrant-manager","69795037","6","5"
"officewebsite","69856771","36","95"
"portfolio","70028773","43","17"
"vr-menu-demo","70156531","31","8"
"weapp-500px","70281211","24","8"
"DragonBall","70180869","19","13"
"Speed-testJS","70279046","255","50"
"mtgjson4","70249423","141","8"
"azure-tools-vscode","71015361","64","19"
"iLuddite","70848651","392","27"
"WorkingSpace","70672094","178","789"
"Flappy-Wumpus","71120074","538","5"
"hesperides-gui","71229208","74","165"
"post--deconv-checkerboard","71102121","73","13"
"hiraku","71783491","49","13"
"maven_ssm","71647404","47","53"
"fire-fight","71684407","68","61"
"glampr","71669419","271","31"
"symmetrical-telegram","71588349","12","8932"
"js-for-gamedev","72837612","45","25"
"Poker","72767369","38","61"
"gaffgame","72628883","115","39"
"WPO-Yahoo","73019187","24","880"
"thesis","73240998","346","13"
"firstblood-www","72965511","132","88"
"picoShell","73309707","573","411"
"SmartWiki","73691571","66","610"
"EinStock","73499659","413","43"
"WebSocketSpring","73830921","3","11"
"Github-Repository-Manager_app","73698340","22","37"
"TCO_Megahack_eRules_Search_Engine_Frontend","73447860","33","15"
"WhosPlayin","73949688","237","24"
"Proyecto3_","74370409","16","52"
"WebGLNativeInputField","60161734","25","3"
"zipkin-csharp","60274967","12","26"
"GZDoomBuilder_M59","60407307","1257","932"
"XamarinForms","60347370","30","86"
"MapWindow5","60766561","799","1721"
"UnityEditorExtensions","61248193","110","125"
"GitAssignment","61230775","118","379"
"SolutecHackathon2016Team3","61303273","91","36"
"Simple-Web-Crawler","62732485","19","9"
"AnotherThreadVR","62715252","25","152"
"AleaTK","63395563","120","86"
"ALLINONE","63027884","43","1430"
"Unity-Animation-Samples","63421143","6","4"
"SpaceWar","63407594","19","183"
"PureJSB","63656985","13","449"
"extentreports-csharp","63789028","7","95"
"Sage300-SDK","63719012","2","1443"
"Condition-Editor","63630867","13","12"
"TITcs.SharePoint.SSOM","66303461","164","68"
"Teaching","66440855","452","482"
"OpenPlayerController","66837333","15","5"
"meetupaug27","66749661","5","8"
"UnitySDK","67124315","56","19"
"rogue-cat","67454514","52","22"
"UnityTexturePaint","68298847","83","15"
"CaptchaProcess","67921094","6","18"
"WorldExplorer","68406549","204","569"
"ImgR","68795351","42","28"
"OGL_Hivemind","69865848","67","195"
"LunaMultiPlayer","70247647","158","456"
"RaceGame","70581940","10","66"
"CantTouchTHIS","70966363","46","8"
"Run_Chain","71151594","48","87"
"TowerPower","71582808","23","5"
"Nightmare-Break","73141278","330","78"
"Skinner","74192957","21","98"
"SalirDeLaCrypta","74378128","32","35"
"java-cme-mdp3-handler","60716648","43","119"
"ImFriendChat","65210333","57","126"
"swotsimulator","60875854","20","26"
"Tensorflow_Object_Tracking_Video","64685910","5","40"
"iBrew","65092845","408","33"
"eqgrp-free-file","65761779","4","236"
"EQGRP","65755592","6","236"
"challenges","65736345","73","1"
"EquationGroupLeak","65863746","4","236"
"EQGRP-Free-Files","65794443","1","236"
"NSA-EQGRP-Auction-Files","65837253","1","236"
"4103-101-IntroOpSys","66900514","98","10"
"NSA_EQUATION_GROUP_LEAK","68924587","2","236"
"cloudrail-si-java-sdk","60188677","67","18"
"beauty-crawler","64447404","8","3"
"chain","71740230","2488","1162"
"nextcloud.com","60369843","1143","191"
"neec","68783854","83","31"
"cygwin","61214274","17458","3321"
"HotLoad-Driver","63291403","30","187"
"copter.rocks","63244675","12","1171"
"riscv-glibc","63119083","30435","8228"
"CSAW-CTF-2016-Quals","63996531","1","119"
"r2con","67366110","57","910"
"PayProject","67921250","19","0"
"Webif-pack","60363433","15","2138"
"maps.js","61518496","39","255"
"OpenBCI_GUI_v2.0","61301530","179","2615"
"uc-cfss.github.io","63442604","236","117"
"Falcor","64880686","57","863"
"allanlab","64870595","288","18"
"tomasp.net","66011034","40","184"
"interface-student-sites.github.io","66185567","3030","372"
"Fall16-Team14","68945353","16","155"
"eclairjs","69672089","1584","2313"
"homework","74276891","208","183"
"sdkdemoapp_windows","61516826","50","36"
"HoloLensCompanionKit","62170303","51","190"
"FaceIdentifiSystem","63758388","187","70"
"BCN3D-Moveo","64388724","11","21"
"Mc_MiniGames","64451981","193","23"
"Tera_Emulator_v1xxx","66256302","24","134"
"slamit_ORBSLAM2_on_Android","66382386","4","3115"
"AnyRTC-RTMP","66623001","100","470"
"acre2","67440093","162","180"
"UnrealEngineSDK","67408616","6","2"
"Programacion-Avanzada","67550199","43","50"
"SeetaFaceEngine","68132933","28","34"
"miniblink49","69316510","178","11158"
"BGE","69552955","1","198"
"DeathCore","71845095","350","1139"
"WoWSource434","71663976","2","2057"
"RTCDemo","71958223","8","196"
"Project-S.E","73487840","20","13"
"audio.quran.com","60311780","156","74"
"Euclidea","60758612","204","15"
"EarthquakeApp","60790604","201","616"
"beautyart","60960128","90","351"
"JSAmbisonics","61455423","97","61"
"Moeditor","61847006","250","42"
"webStudy160613","62496404","100","96"
"bda","62560581","89","20"
"2016-talks","63256719","92","107"
"CodeTest","63790490","175","1338"
"space-game","63584287","1240","46"
"emblem-web","64871355","429","58"
"CSCI2961-01-Fall2016","66270019","140","246"
"yunban","67560637","25","83"
"wechat-lightapp","68924185","17","61"
"wba1-2016-semaphore","70076951","1132","373"
"DemoHouse","70566525","9","1319"
"KariyerPortali","71800100","2829","3257"
"Cognitive-Recommendations-Windows","62842418","7","5"
"tddstud10","63059277","231","63"
"valkyrie","65782263","337","65"
"cs490","66309815","25","65"
"jaslokhospital.net","66278172","222","862"
"GameProject2016","68804838","44","11"
"Project-Infrared","70930852","19","284"
"TeamZenmaiSiki","70669800","105","47"
"Bardmages","66588978","311","159"
"DevCamp","67625055","526","546"
